zipcode,centroid_lat,centroid_lon,regional spatial type,population,capacity,rc_centroid_lat,rc_centroid_lon
0,47.39707039042514,9.525057248782112,rural,1850,0,47.39628520480294,9.517988667510291
1,47.52990454554006,10.409103236399725,urban,9188,381806,47.52763442322232,10.411369881889
2,47.47325412029371,10.250360717008714,rural,19244,0,47.4621720369618,10.264925313170847
3,47.66692049758002,9.207400369981343,rural,3489,0,47.67383014014275,9.21647848731963
4,48.16697640693886,10.582130796519875,rural,8418,0,48.17965471818886,10.577756150700717
5,48.90276462691292,10.346072254905447,urban,3909,0,48.90660442126309,10.343213743053887
6,48.14334102967668,9.36040184785502,rural,14593,0,48.12852425765037,9.361060262672556
7,48.94566371928156,9.702148431749002,rural,9778,0,48.962234885452325,9.703025388463722
8,48.06689710381325,10.495820229205362,urban,14667,0,48.0987745710722,10.507751093096958
9,47.548020891554,11.027474022504384,urban,19380,0,47.54730005106399,11.024141239380173
10,48.57372082418628,10.481941235617638,urban,8243,0,48.56193066239385,10.491863468873888
11,47.45075333926546,9.152429039094168,rural,5416,192893,47.43799612415543,9.147279066300229
12,47.80079077836195,11.278477757375445,urban,14313,0,47.82043112553591,11.27246875564598
13,48.40115345117556,9.410640862260124,urban,16829,0,48.40631285908753,9.413300985943296
14,47.45094467154275,9.757441198624068,rural,15441,0,47.44479083185765,9.759908653670635
15,48.30370017880438,10.720356227817836,urban,15185,353529,48.31667278309476,10.719091930505526
16,48.42134517445864,11.08503602177198,urban,9445,0,48.415398102101584,11.093351297372154
17,48.661473249955975,10.965071497404193,rural,13465,0,48.66102086973207,10.960340123975207
18,48.99630956271693,10.874334779054754,rural,19901,0,48.99768323890428,10.870859086581378
19,48.44481387449161,10.69507810361959,urban,15717,0,48.45015752142405,10.702862618178942
20,48.404485801933895,10.899969140397188,urban,6567,310235,48.41064254181782,10.88917419799882
21,48.801179990135374,10.514698848621382,urban,4506,0,48.79100917341552,10.496207562436211
22,48.66596264482099,10.225957165590204,urban,16991,322952,48.65974430350671,10.22265065163269
23,47.59579694559899,9.315907887703167,urban,16214,0,47.59097989800525,9.314632280005496
24,47.40295784914535,9.5130842427114,rural,16747,0,47.41109400240001,9.501098973632688
25,47.74488510364488,10.428756152999185,urban,12023,404457,47.74643944829781,10.425980463390262
26,47.36837629901371,9.781983310856706,urban,12099,0,47.36842542637066,9.79534788421816
27,48.55588789815536,9.948866880910948,urban,6260,0,48.5574608404641,9.931478475566188
28,47.55463289603102,11.2312909650502,rural,17895,0,47.558347505174986,11.228414581455356
29,47.776647916183926,11.326902788304784,rural,9885,0,47.77348785680731,11.32346585340663
30,47.52948881230405,9.069586269863816,rural,5595,0,47.5195814683333,9.082678400257508
31,47.98222534286426,10.925110525729869,rural,1304,0,47.967295854726615,10.94104942505682
32,47.660425043132,9.242140680242718,urban,3639,0,47.66249000858161,9.23799299105359
33,47.300531055903086,10.967117882444104,urban,8338,0,47.29991070904402,10.962641128358676
34,48.812338213059725,10.923057168741938,rural,162,0,48.81454172556779,10.923719423417689
35,48.925495989831326,9.576405661947131,rural,4760,0,48.92614872266714,9.574953363860198
36,47.53497345634963,9.231948458073068,rural,13370,247597,47.54151684362733,9.226581442085148
37,48.27276199013031,10.793361118158469,rural,15726,0,48.269744504827806,10.78945335181942
38,48.15497473714476,10.463287285203258,urban,11945,0,48.1467045698219,10.464582812287135
39,47.810098350231016,10.14223406768029,urban,15310,378048,47.81338450703939,10.144210170169517
40,48.16375298319422,9.88765265462082,urban,3976,371057,48.15299686109149,9.891914928027914
41,47.59757259411427,10.689802589008194,rural,11747,0,47.5951242988053,10.682172444741417
42,48.91029112436594,11.17705255352719,rural,3116,0,48.90279115053311,11.171035403891633
43,48.70962156008764,9.108937328702485,rural,11099,0,48.70101394019942,9.0903460806252
44,48.55148191769436,9.446043905420948,rural,15618,302596,48.548049629046574,9.445515960798712
45,48.303176294358806,10.57163269334122,urban,19698,0,48.28836400835315,10.572523261610767
46,48.4785676265877,10.290156142146758,urban,3517,0,48.48376073302847,10.292678077734756
47,48.857400302782025,11.166002238586128,rural,19118,0,48.84897567036525,11.175135871640382
48,47.675450569609,10.42272206433851,rural,12088,0,47.68677186398689,10.4072075746864
49,48.83421359868058,9.154145318698443,urban,12922,0,48.82796474801867,9.143126655882432
50,48.515916262249696,10.618612492796558,rural,559,0,48.51253213701583,10.62222944233688
51,48.97232959195303,9.749034625144686,urban,13234,0,48.97820357208283,9.737475903695382
52,48.23105026405648,10.795834467507673,rural,1132,0,48.21725043545237,10.783408283629516
53,48.41480616414261,9.596554414747573,rural,13804,0,48.41859964391022,9.602957515855271
54,47.819266535626014,10.0423592008038,rural,11268,364801,47.83547591017351,10.041282422269818
55,47.86228719932001,10.179129347718275,rural,12829,0,47.85851234148842,10.175836648787769
56,47.74457390699104,11.47386911746085,urban,12707,0,47.73963910428567,11.474688470299435
57,48.46810809212262,9.050616269608918,rural,5067,203067,48.48503748854562,9.045784944808773
58,48.77868406288616,10.572022589177813,rural,9628,0,48.78724976354621,10.57315494215868
59,47.36149944342891,10.287937312987152,urban,10829,0,47.380161380403386,10.26533747301654
60,48.5594269365264,10.148996896439971,rural,13956,0,48.57897775989131,10.139493132941244
61,48.82870934826216,11.472078361521516,rural,9219,0,48.82978338081768,11.48059580250058
62,48.46127326578948,10.153562664849332,rural,18777,0,48.45654256371604,10.14910422333019
63,48.66642968311841,10.964270485291516,urban,7203,0,48.65462642752512,10.958913172273633
64,48.29069034836112,9.49163813968581,urban,2328,324438,48.2837390741523,9.495557267484182
65,48.30346413908764,11.418415294369671,rural,17899,240936,48.288493081744186,11.42316580687505
66,48.56203744556812,10.032023473909817,rural,5660,321395,48.56328821355874,10.036372773432488
67,47.305625522039136,10.279921837784796,urban,19431,0,47.32192628624552,10.277957455049586
68,47.47511340979842,11.210597434698668,urban,15477,0,47.480478226978654,11.19954384476788
69,47.97794822659648,10.456474818433463,rural,4856,0,47.97347756600402,10.45573507043319
70,48.97069435837084,11.20016486224497,urban,13718,0,48.97460431852185,11.190744440744576
71,47.30522144044936,9.628565075062903,urban,18386,0,47.29452060283729,9.63588020438236
72,47.33812468162414,10.32212628349286,urban,1909,268544,47.33872539261872,10.31970474347414
73,47.55396533791488,10.288701423255876,urban,5626,0,47.55459590693701,10.295554987566634
74,48.15183461779106,11.408841022308051,urban,12288,233986,48.14873328340957,11.432000221634992
75,47.8742016851517,11.37081973660466,urban,13988,265418,47.87185013735591,11.380194146225705
76,47.41147153344515,11.247857136148118,rural,13085,209943,47.40732753144784,11.239828758476982
77,48.37560212698784,10.724828338425471,rural,17743,0,48.37660910477129,10.741343270859373
78,48.91531108701389,10.558443033340597,urban,12495,0,48.91106116478938,10.575877196424557
79,48.960789763339086,10.774521617919698,urban,14607,0,48.95159157055857,10.764008276549951
80,48.79401194775401,11.355683470182107,urban,15926,248023,48.780576245223386,11.347792035876536
81,48.08106686628727,9.674593672831254,rural,10431,0,48.07650956884444,9.687910370710144
82,47.58532395109089,9.650388388474267,urban,1351,319364,47.58975918632741,9.655067394034177
83,48.99821357426302,9.34919029849503,urban,16821,182591,48.983223024225126,9.333790244164003
84,47.6366231793687,10.17300332188168,urban,8459,0,47.631792849737096,10.194926282144143
85,47.66138032312115,9.289994288412776,rural,10717,300058,47.65563673756971,9.297301251442896
86,48.270257545550926,9.045494160192408,rural,9270,204950,48.267178613357736,9.03359414863112
87,48.47824128865,9.65973130226512,rural,10920,0,48.45996453475481,9.66935325725642
88,47.66521642586015,10.140926448320702,rural,19828,384040,47.66292771657079,10.126208887117018
89,47.724851573749646,10.760671839623852,urban,18662,0,47.72740213014842,10.764396948502192
90,47.93224625748878,10.513400352562936,urban,11105,381284,47.93660393676928,10.51125315464741
91,48.70998946147155,11.4372710153151,urban,3981,233175,48.70416726659719,11.432324204454886
92,47.52639933000816,10.726573929092634,urban,15866,0,47.525613985227295,10.730560782989988
93,47.723909561568895,10.063176476545864,urban,13973,0,47.70120118847936,10.066484329836948
94,47.39684973327821,9.871159516121068,rural,1487,0,47.39812345822672,9.8762879037941
95,48.626373959611584,9.00060957518201,urban,6734,0,48.62735376706827,9.017823780634938
96,47.55347407336737,9.703495206255344,urban,274,0,47.54861630474748,9.700744054572713
97,48.96053319001814,10.367932652167864,rural,3392,226513,48.97009288864887,10.371395946523728
98,47.87586849539516,10.70058422585364,rural,263,0,47.87803357068488,10.69800721072942
99,48.75175295163634,11.16282143137366,urban,2062,0,48.74482870009309,11.157725724690062
100,48.70590990419829,9.611460639484406,urban,15699,284934,48.70771633595205,9.594132817595474
101,48.41664092341255,11.318259014916002,urban,12842,0,48.43202083918828,11.309666897080854
102,47.35838636471611,9.218257669537644,urban,9149,169643,47.33232837522837,9.219606215376285
103,47.85263708233958,10.343899741750104,urban,8296,0,47.85786918984407,10.322090587042004
104,47.34968064143032,10.771657235224843,rural,2893,0,47.33465260500814,10.775946662330488
105,47.39371088075068,9.82910515136333,rural,12571,0,47.40033936153833,9.826003776617585
106,48.66035540945963,11.3606209214417,urban,18535,0,48.66060916161896,11.357937600141518
107,47.31704806064672,11.452266741420893,urban,14031,0,47.31239233434769,11.461222159004752
108,48.32822215349459,10.52484550175994,urban,4883,362680,48.318086163110245,10.513165770441248
109,48.59916353195785,11.284348814962806,rural,10753,295171,48.59219867128308,11.277391067540092
110,48.530610863719794,10.41123543949462,rural,15527,0,48.53424770505856,10.41813447111295
111,47.63572759506199,9.380339303229912,urban,13915,0,47.636575031698165,9.384147065367102
112,47.59084377385704,9.251797791177632,urban,16359,0,47.58950137744475,9.24865938192821
113,48.63765295526139,11.310738766028404,urban,10050,0,48.63924882852809,11.307526691383927
114,47.47932586347147,10.681642132816544,rural,987,0,47.49254340527335,10.679940363116726
115,48.9323912811167,10.71377277407802,rural,4659,267391,48.93158421688837,10.717270086021903
116,47.48640168768766,9.866237713295115,rural,8106,0,47.47784777912428,9.870893190610929
117,47.60407405284615,10.465620521554929,rural,13917,0,47.61874865566864,10.47166524761128
118,48.43611628940226,11.06396583707275,urban,2157,0,48.43792121020811,11.08179315005448
119,48.10601514568649,9.01096557192365,rural,3020,0,48.08148597842128,8.996949075944688
120,48.20475961200916,10.67352243364698,urban,14765,378814,48.20455676838439,10.66988745285958
121,48.19857612088804,10.377323728409408,urban,18236,0,48.18822795069681,10.383612586994523
122,47.47260324291271,10.7130923573456,rural,3005,313803,47.474708131866166,10.71923725124953
123,48.96043890672586,9.409694088220704,rural,18535,0,48.960057358713954,9.399995713940582
124,47.96722909178463,9.558308272785252,rural,14275,336858,47.95374997723362,9.573188606057192
125,48.067720526924106,10.94148310618924,rural,15953,328008,48.07378988023536,10.938862592586442
126,47.53677595821538,9.558010937092368,rural,12330,0,47.54444474884775,9.556069260438246
127,47.65816265894411,11.331649593149402,urban,6050,0,47.64746078344528,11.324533107746314
128,47.70532793280258,9.129764395308586,urban,1575,0,47.715925890823165,9.12881224730774
129,48.208338046607096,9.377073005667784,rural,5831,305224,48.20275615420826,9.381675028842636
130,47.38623019253977,10.349822995846033,urban,6395,0,47.3900536966112,10.33843337990357
131,47.71694738263537,11.026211774479092,rural,10349,310886,47.74292731981958,11.02127689403556
132,48.41188771456138,9.522123670890624,urban,3494,0,48.40816002203734,9.513094511131529
133,47.77667219898404,11.183753788748556,urban,134,0,47.76715590812674,11.190052003829138
134,48.00970872687831,10.00216045617849,urban,9222,0,48.00936649291614,9.994904093224754
135,47.34330461733888,9.252261548975898,urban,18495,0,47.34013932181705,9.250862675154917
136,48.32980902468008,11.484343423149054,urban,15281,0,48.3541720030578,11.496258230662788
137,48.94877230045154,9.488417857636078,urban,19588,0,48.95100777746186,9.504807887196897
138,48.53498250976982,9.714744627890274,rural,15184,0,48.55547210812048,9.717057950718033
139,48.10265259563998,10.50433314944646,rural,12052,399336,48.10218725351638,10.520192536633852
140,48.984325028749815,11.074956454897125,urban,11177,0,48.977544024971145,11.0818995888213
141,47.50211674782732,11.02362032523938,urban,217,283579,47.50923265197609,11.00573963998188
142,48.85731506573285,11.116185070983317,urban,6543,277657,48.88145468580117,11.107965490570734
143,48.09622134002752,9.261435041834234,rural,4758,0,48.0956519116042,9.260203198777551
144,47.88179468916092,9.244815612977265,rural,11898,0,47.88473750602506,9.24121839480424
145,48.84632950868262,9.943757189091038,rural,16161,0,48.8464006630042,9.939586994813377
146,48.79081423425151,10.442109776497542,rural,10227,0,48.7827408209918,10.454097599762871
147,48.97582702525965,10.960124187237955,rural,2606,0,48.97570893570189,10.964192524895234
148,48.88835167632446,9.178206484779531,rural,16265,0,48.886765264957525,9.17778143349945
149,47.87553826126556,9.148320165792336,rural,19593,0,47.86864223158129,9.164367849265291
150,48.83352571871009,9.623271506155277,rural,17479,0,48.82507074452752,9.632487514739156
151,47.9069164801573,11.30220668267149,rural,15895,0,47.92325786308907,11.307163983240452
152,48.8928033714971,10.213662127166716,urban,5122,266941,48.88761631445757,10.21038209574495
153,47.91504692093265,10.018519601056742,rural,11528,0,47.91532525011584,10.024681426928904
154,48.642198293344336,9.196322002844886,rural,13107,0,48.63669547335552,9.211986303467215
155,48.83511738457342,11.362607861275094,rural,11359,0,48.83057508403733,11.369669762174038
156,47.47970670419379,11.36704020535442,rural,17430,216705,47.47540029738364,11.359994600528085
157,47.80857789723425,10.449315497023084,urban,8569,0,47.8054971072688,10.45072392544317
158,48.31051916286,11.01087047687886,urban,7317,301423,48.3158200277999,11.01903697694472
159,48.475831198978725,11.130710588677264,rural,11935,0,48.47097310298763,11.129951504094656
160,47.97722997007968,9.14358669880148,rural,7795,0,47.97557069794028,9.135120628553675
161,47.511699854869214,9.901271461118082,rural,204,0,47.50571293613657,9.906523087095986
162,47.58623822114125,9.17109937621022,rural,4768,242798,47.58455147781352,9.155576012256452
163,48.4466436336484,11.05472241231558,rural,7373,0,48.450373877700265,11.049719928806216
164,48.778101982639456,10.857163730303,rural,19245,0,48.78144155091062,10.857507928354186
165,48.49157208138471,10.166036269487556,urban,14016,0,48.49309127477461,10.17470402254702
166,47.93866742797636,9.952742178047842,rural,8622,0,47.93315802936243,9.95445230909125
167,47.480310756154346,9.090784515529077,rural,18745,200824,47.48330732753466,9.096774569073515
168,48.802414912095486,10.078001418301897,rural,7205,0,48.80492254151801,10.078955517467149
169,48.10197508048983,10.931453360244967,rural,14933,321508,48.11645023003103,10.932287980999233
170,48.69272140637816,9.846692567486262,urban,272,0,48.71517458614235,9.849769797781148
171,48.57449328800721,9.723176633226906,rural,8123,0,48.58732304184276,9.711998871529865
172,48.15013176992197,9.801020831446715,rural,4812,0,48.15074022038115,9.798492880429428
173,47.96908758451937,11.15321235668312,urban,54,0,47.96408251396976,11.137917889851495
174,48.30708088919673,10.446942621662952,urban,6329,0,48.30569517827243,10.44543251363402
175,48.103211971441766,9.919656230096257,urban,3876,0,48.11183898201426,9.9177276513328
176,48.22089457613664,9.444190136247412,urban,7104,0,48.209331883894826,9.449574814567162
177,48.71175775239285,11.200516104969976,rural,19721,304174,48.714373613373525,11.19374256608001
178,48.48795774381272,9.060544456527538,urban,1933,0,48.492385688875245,9.056500004126343
179,48.08984808621176,9.205147071416668,rural,12550,0,48.09812651403613,9.2108696153939
180,47.61513731251513,9.44621781383236,urban,13459,0,47.60559552348583,9.444357598066553
181,47.94668367321045,10.474603286964982,rural,4227,0,47.93029993804474,10.468734994817304
182,48.62150786942989,10.833620781520253,rural,13768,321943,48.61373644371131,10.828604110723132
183,47.755359733061,9.837912620732869,rural,19904,0,47.7532994492259,9.830852663444116
184,47.46268893758426,9.194697001971711,rural,11556,215403,47.458726306102605,9.20372154747648
185,47.83197767418085,11.459844930723133,urban,4513,0,47.863821757719386,11.466309323538187
186,48.08012171691166,10.14874783175116,rural,12274,0,48.06792003507292,10.158992371669475
187,47.9857653190307,10.529348814395322,rural,3876,0,47.99994523183226,10.537869031765991
188,47.89825062534872,10.889972032013684,rural,429,0,47.91443458845042,10.90685391333407
189,47.40716175488041,9.300775943260064,rural,5931,0,47.4222279679357,9.298477234984937
190,48.43640186494944,9.163450025935662,urban,9240,0,48.42774498023209,9.178966447315036
191,48.06840227739147,10.293333286773509,rural,18990,394994,48.06385596335917,10.28357836876907
192,48.308482558860256,11.362768942830511,urban,3318,0,48.313162737760855,11.362339277962953
193,47.90440419378195,10.937152124455364,urban,645,0,47.90437091521258,10.928476526842443
194,48.44256935296502,9.924419542155716,rural,5596,0,48.4241202768523,9.928403651534392
195,47.395146932414704,9.623579671281796,urban,11306,0,47.4034386961764,9.605762133116569
196,48.62557474265287,11.386912558911453,rural,5526,270389,48.615959838420935,11.387606189779564
197,47.90929109697982,10.569916354802192,urban,4814,0,47.9017421381935,10.569636045617091
198,48.45261958797942,9.33814586064232,urban,13972,0,48.46986120420138,9.34178305903976
199,48.63656956993102,11.130862411856173,urban,7615,308256,48.61373125889659,11.128606594464909
200,48.50659025237459,11.43282624495086,urban,17996,0,48.50896595530434,11.422908557855925
201,48.01895651878531,9.765301837449783,urban,4450,361028,48.02651419669628,9.763178455478409
202,48.98815021654993,11.357170723687798,urban,1523,0,48.98276387986763,11.341581731855534
203,48.29430575683586,9.62895913222277,rural,14455,354334,48.30817900883532,9.63026589008054
204,48.81967706510048,9.907184298822168,urban,6954,274563,48.80490051987497,9.896014736922249
205,47.724110389464414,11.406440262276089,urban,4444,0,47.73239804300019,11.417954303781784
206,47.46912728641525,10.42099318829286,rural,5281,0,47.47849188340687,10.436981492441486
207,47.32796298198843,10.753963378927237,urban,14005,0,47.32060910175439,10.744046340667667
208,48.97318402962397,11.304332087801152,urban,8919,0,48.96653505613458,11.316104912716622
209,48.36376730021451,9.818697703836955,rural,10774,0,48.34638400700965,9.82046479810194
210,47.69790487718534,10.343512586508638,urban,16172,0,47.69075764624993,10.3514292176255
211,48.4367558791801,10.711292773971264,rural,15884,343340,48.43844328588457,10.723445019582089
212,48.79862388677972,10.55910066473737,rural,125,0,48.81895692957579,10.540916653894811
213,48.97193194301052,11.49169470330351,urban,4474,145913,48.970932256352725,11.483257492479524
214,48.43678416207657,11.193371401231207,urban,9584,0,48.4450909624124,11.180685648645
215,48.17842702271957,9.993752176210634,urban,10874,372320,48.18384762028908,9.994817938036126
216,48.25521941342223,10.75172685343195,urban,15112,0,48.259635518428034,10.750790394986783
217,47.34210682518789,10.253529079812704,rural,4609,0,47.34020701620211,10.26288155094498
218,48.39363674372416,9.38476422175688,rural,10317,0,48.36275216097473,9.37236048703991
219,48.394390880197534,11.224477328632585,urban,16742,292759,48.39829299279332,11.208634114050598
220,48.04953531197998,9.57729679157131,urban,3231,0,48.04015679721748,9.580869199464532
221,48.04212635028632,9.931239929086347,urban,10742,373548,48.04409726406031,9.9424692392031
222,47.69518374063911,10.205303752012115,rural,10760,0,47.70038653327045,10.2097737518687
223,47.50349513410539,9.319540181247586,urban,14936,255174,47.51383932736636,9.303607311669795
224,48.27009102829835,11.387660638725604,urban,7553,0,48.27753365092204,11.377597933510367
225,48.29526380498092,9.146023235446044,urban,16802,0,48.30827890010336,9.138115911938597
226,48.16580757474594,11.2052487270515,rural,5719,0,48.16402350083623,11.200568056163783
227,48.24263703678975,9.555077022732112,urban,18997,0,48.22515280678541,9.565493845112108
228,47.68537834261951,10.112932127744433,urban,5820,382239,47.69997952118579,10.108068929069638
229,48.99207012579026,9.479888895580128,rural,10731,181673,49.004175464359946,9.479841341702874
230,47.81048209703819,11.077904412921743,urban,11580,0,47.81656283240353,11.0772647993477
231,47.69543703414049,9.343488520095503,rural,10071,0,47.70415134050421,9.342567346522497
232,48.51226231978487,10.831513873541404,rural,8041,0,48.4977216906813,10.8284858489381
233,48.543342021693775,11.246544816809449,urban,15056,0,48.570686324769625,11.240469919113236
234,48.884171254869145,11.170738882759204,rural,1281,0,48.87503075427621,11.170489989119334
235,48.09079341436696,10.534375338184322,urban,17115,0,48.09310341462006,10.540088836767872
236,48.07583601857279,9.352878750522049,urban,7554,0,48.06936955006234,9.34889623266108
237,47.30919368582043,10.881078579643836,urban,9086,0,47.314266459776285,10.864471496736195
238,48.952997846078,11.343418963688825,urban,7943,0,48.95766094852737,11.350991044705436
239,48.45466884545242,11.164128363338191,rural,11201,312016,48.47782758536344,11.177349461533034
240,48.054999787402295,9.291723217608007,rural,14074,0,48.07544070244485,9.299730668987108
241,47.46052813570877,10.443320444515075,rural,3533,0,47.48267022509758,10.455650721971214
242,48.43709901076723,9.525156605371029,urban,9328,0,48.42364404104461,9.517295708255489
243,47.36430097933661,11.403140521959289,rural,12882,0,47.36939498726641,11.40092869095986
244,48.93043652381194,10.952845431614715,urban,10513,0,48.94878065757803,10.941582992625449
245,48.934111426286016,9.157373029421574,urban,15444,0,48.92846584866472,9.153387224154546
246,47.96973261641054,10.780324158947906,rural,11536,331442,47.97498192137364,10.788789278009132
247,47.77796264612718,10.878982588299229,rural,6790,0,47.769197131364606,10.882197755356923
248,47.33597608266483,10.713833866253989,rural,14744,0,47.33654074476655,10.714283028235313
249,48.12249688193192,9.008822805249054,rural,19835,0,48.113558212667854,9.010361234661648
250,48.11499482717698,10.019083423965968,rural,16634,0,48.11223459630465,10.03194963300285
251,47.518365058024486,9.93295168099158,urban,6988,0,47.51005621182188,9.934148872623323
252,47.67944678343257,9.682630531985192,urban,2994,0,47.67440529725838,9.683815719969909
253,47.78325649990801,9.418726764460228,urban,1020,0,47.79178380452323,9.42148974958852
254,47.47476971994881,11.072877119289052,urban,6889,0,47.47603099548047,11.063900413682884
255,48.700665152675,9.201940241828812,rural,55,0,48.6984569150545,9.19963257039079
256,48.92611431895675,9.749588145083989,urban,1363,0,48.91932622299806,9.759967462917375
257,48.61953825016119,10.57554613046094,urban,1900,0,48.6074094856045,10.575331016408327
258,48.55983546020626,9.419598174868542,rural,2004,0,48.561254973613735,9.400301199750585
259,47.81085029105651,11.452311502431728,urban,6089,239726,47.81798083968508,11.431540209747924
260,48.873488133995934,9.469694007026517,urban,5149,0,48.87043709071984,9.484970029464565
261,48.86946828091543,11.074711994795056,urban,13931,286091,48.86287426172087,11.072942672421032
262,48.06794659846537,10.881197862826308,urban,7670,331912,48.06672663672328,10.88654917835668
263,48.67080481849034,10.038965453163954,rural,2296,304801,48.66640197216064,10.035425945083883
264,48.98717929223955,11.030869641231206,rural,8625,0,48.98810019553028,11.028435523319295
265,47.57343927792502,11.171425665054697,rural,6610,0,47.58016197712018,11.178006468037776
266,47.35043525906613,10.9180941120793,urban,2428,0,47.35969190362028,10.93278992331159
267,48.86308848486188,10.837758500823734,rural,12435,0,48.8642419828916,10.836552612494618
268,47.844190791404046,9.817781192981569,rural,12923,0,47.84835071126214,9.823383254127014
269,48.07363867677275,9.43934344085922,urban,19001,0,48.07315081770592,9.428314452805829
270,48.35289346288175,11.226553888097117,urban,8365,291805,48.33807299083416,11.227156864406227
271,47.70388609401103,9.678451751015338,urban,15340,351904,47.71420478863547,9.674208130260052
272,48.73362842515928,9.516506981428742,urban,16837,282436,48.72199324929793,9.519522395682376
273,47.35715046231835,9.863159946236044,rural,2495,0,47.373019777953246,9.86052583764976
274,47.398477140368485,11.276745449939233,rural,4059,198115,47.38642701899772,11.284801873713333
275,48.11615934972758,11.142615966033675,urban,1050,293217,48.10515391261791,11.143324221217728
276,47.71101985585386,10.35023850677442,urban,8184,0,47.71082688441573,10.354214826807882
277,48.108946313115496,9.664059552882454,rural,3696,0,48.11022723762091,9.666767895407355
278,47.92768278310128,11.449383945835873,urban,5335,0,47.9345183909988,11.476324655203854
279,48.34009472192968,9.584677687022516,urban,2506,0,48.32971764963138,9.59342413231561
280,48.25989447176502,10.590057904993316,rural,10551,0,48.25318439712086,10.597588968819952
281,48.963679023968176,9.254826072694849,urban,813,0,48.96855279601367,9.24736837605232
282,48.3358159047322,9.345552459544592,rural,10951,0,48.33851086243558,9.340398278159874
283,48.36510732416992,10.034212725241682,rural,18491,0,48.35921273001861,10.042879977113206
284,47.37246028702408,11.056147603399676,rural,1570,0,47.38702108153484,11.058243947301609
285,47.67353610107023,9.449821433222072,urban,12779,317508,47.66412909242676,9.443207217896004
286,47.880647398116494,9.425140633819632,rural,4972,307216,47.86551267328274,9.413551067369548
287,48.70149823652283,11.49663513382776,rural,4055,198883,48.69420441755311,11.507686994329449
288,48.57026065285616,10.526640960668566,rural,10294,0,48.56024822743114,10.526899515221384
289,48.05254635549474,10.427703658948827,urban,15807,0,48.03781416234669,10.4237381850621
290,48.53830077481652,11.11537570024318,urban,14728,0,48.51791373097538,11.125795517653094
291,48.11514750123395,9.094475369217047,urban,4226,0,48.12249732070158,9.084601268524784
292,47.51201343957276,10.022455796209371,urban,1144,322896,47.51379466285433,10.0330785474392
293,47.92521322199861,9.896714373870308,rural,5804,369180,47.917529416923855,9.912711563858572
294,47.444611174407896,9.539935388172529,rural,9668,0,47.43946357576586,9.545340546857874
295,48.34780945507404,10.211337944232312,urban,14776,0,48.361022299611925,10.208633313453296
296,48.0808826361116,9.227595027066766,rural,19414,0,48.0791756131973,9.229870464619594
297,47.65848587449755,9.40088227944244,urban,6465,0,47.64779244305318,9.387405084306856
298,47.45980729924634,10.073958765364369,rural,18216,0,47.47236122388704,10.07354134550602
299,48.94398760319338,10.512528607269466,rural,8546,0,48.937486103422536,10.50067997444458
300,47.63258916191207,11.003274706484705,rural,1242,0,47.63739663201997,11.002493874453116
301,47.37524379445173,9.551223953754022,rural,9369,0,47.37196599125932,9.538802907189575
302,48.92273947380044,11.014324213496376,rural,13135,265512,48.92569998707405,11.029393614788304
303,47.71287842587431,9.017529346375229,rural,12433,206129,47.71563104283359,9.022431933167878
304,47.725525643702376,10.468474709256512,urban,16565,0,47.74801102464107,10.459025837519036
305,47.87170476223262,11.243905230315356,urban,15067,303164,47.862940326068674,11.259072265774895
306,48.91782600273452,10.212388919519498,urban,14754,0,48.90943493141194,10.215612520178434
307,47.55017520528871,10.025047423350712,urban,6880,0,47.55460485123943,10.023388793774638
308,48.62160495875395,11.42091826257919,rural,8601,0,48.63581755702857,11.420682081165376
309,48.58122895940888,11.065255860806744,rural,928,0,48.580467136625735,11.05174130130996
310,48.59853495814305,9.270454280237864,urban,3511,273304,48.59097341560683,9.273859537722796
311,47.44757761695648,9.787465494083849,rural,14325,310038,47.43037892536152,9.796179114475429
312,48.86034937984403,11.200950486644851,urban,15942,0,48.85120698163372,11.193187684276946
313,48.87566662967912,9.003785831242439,rural,13562,0,48.87710533465011,9.016731730494866
314,48.51720312455237,9.272430077059704,rural,18834,0,48.5267450704601,9.267940385332814
315,48.07656401178718,10.368810092126266,urban,3616,387023,48.07478996406461,10.368655527249762
316,48.84881508394778,9.631850144417289,urban,6452,0,48.851386700717256,9.628715020877683
317,48.988733491677806,10.83074998931813,urban,12083,0,49.011142978543376,10.832487333043192
318,48.07521332224444,11.471735644844678,urban,11623,0,48.078413739945546,11.467821754311004
319,48.65470360696874,9.283353400400095,rural,864,0,48.65361393655546,9.272965383748822
320,48.66074074083164,11.304132293107724,rural,19976,0,48.66159999513734,11.30710549177177
321,47.90920914702892,10.713663594096316,urban,15740,0,47.89850370280566,10.721368674708952
322,47.74648003953649,10.651175495554844,urban,16064,0,47.73012739571417,10.657766625808373
323,48.57917133066395,10.86672276820406,urban,1865,315300,48.5793896405917,10.859950768027115
324,48.11210312300388,11.176138807196988,urban,10951,0,48.10566202254024,11.18459370366175
325,48.83045224472012,9.372216497418917,urban,16454,0,48.83734902014788,9.390465784518293
326,48.85892960783736,9.363975799760324,urban,1373,0,48.86749399291269,9.36136383122862
327,48.01032042288765,9.843407550832676,rural,8556,0,48.00866414459896,9.84230309070117
328,47.3613442908511,10.206253416838692,urban,16319,278421,47.34258709566626,10.21582822298417
329,48.05046515938184,10.303062411028836,urban,10011,398919,48.05342724508231,10.300425705903583
330,48.62873019365706,9.8095432862599,rural,2673,297680,48.62931358629604,9.813351209399418
331,48.87221383243912,10.441389667321635,urban,3165,252972,48.889795085290416,10.44916438825914
332,47.63871986199607,10.10954744402753,rural,16441,0,47.64280572047993,10.124455676622532
333,47.62464084050114,9.200143957771273,urban,8745,0,47.623357686310335,9.20950096687839
334,47.41177228978742,10.290033146318969,urban,16425,0,47.43529737177028,10.276304802389465
335,47.91684510580669,9.33630269152214,urban,3822,310225,47.90878373868429,9.335253734717016
336,47.36264045815027,9.09187264949144,rural,8756,154460,47.36297898084184,9.095003225748233
337,47.319510286294985,11.179969482895608,rural,718,167860,47.31030213746397,11.187832533090818
338,47.72268356578183,10.914016153739274,rural,4081,0,47.72457381841345,10.900633358673693
339,48.43692214281127,9.88558089643656,rural,6688,326419,48.45126921510131,9.878567116582532
340,48.98654794632554,10.973237210682967,urban,7068,241222,48.98131828317169,10.983128942459874
341,48.49097721349966,9.519740245458848,urban,2844,310421,48.47533514643897,9.517269182629352
342,47.788710360306986,9.626060981107162,urban,10981,342894,47.78047649477767,9.641684648938543
343,48.710941067326736,10.276137543791316,urban,2912,0,48.71104904027557,10.3033440438223
344,47.72141970908008,11.17842661380116,rural,16635,0,47.7159660457477,11.178081356367528
345,47.34429137585804,9.74629808601777,urban,2592,0,47.32935709724296,9.740502214134262
346,48.372821783167055,11.375330193327152,rural,9773,0,48.35938115436108,11.372264756825334
347,48.48968726003212,9.72015526366894,rural,2360,0,48.492535566743655,9.720158949926342
348,47.65637566838105,10.574505767637229,urban,4143,0,47.65242529250159,10.576365156009622
349,48.67948074818733,11.161191909287494,urban,18794,0,48.6794042807302,11.159447311359807
350,48.55454395912922,10.579731551570394,urban,6462,0,48.5538478327908,10.586149143619904
351,48.879588440044216,10.610745160947388,urban,11915,0,48.87588344114472,10.611390746202208
352,47.98342003155483,11.32587722407544,urban,8,0,47.98477399230927,11.32128968717433
353,47.48478657050775,9.443482628681776,rural,13137,0,47.46839231486899,9.445915664971938
354,47.73971924314248,9.33957081558968,rural,13162,0,47.731330988504,9.346259923097731
355,48.6003485309751,9.086790988029428,urban,10297,0,48.61340675413537,9.087164429803291
356,48.20248963816247,10.557575594034947,urban,11738,385801,48.20271009399981,10.554839614190968
357,47.78629208406564,11.02515658129688,urban,16838,0,47.78442712232641,11.037322722690256
358,47.79816620899599,10.41489346327064,urban,10684,0,47.80548593379629,10.411145068363494
359,48.17446324883545,9.63596149338242,urban,5434,348098,48.1678863551811,9.635948345604008
360,47.51394986937781,9.01237334218527,rural,8941,180325,47.51468082253028,9.014349168777986
361,48.31685600190394,10.836289732908469,urban,3016,0,48.34416163872841,10.836185019672984
362,47.64649860141768,11.42513592160222,rural,900,0,47.63905869360307,11.426095333388243
363,47.37938976106137,10.89857241314578,rural,13634,0,47.38266763894418,10.910226825155618
364,48.73247550367366,9.95838584225001,urban,14529,0,48.71371565743934,9.946834170913666
365,47.62383803818988,10.087813711567424,urban,1575,364784,47.62146719102974,10.07706981912447
366,47.99927075938102,9.653599619015411,rural,17662,0,47.9919715574888,9.65755638090908
367,48.87271560710538,11.416517034278389,rural,16919,0,48.88339915872973,11.40040617846923
368,47.96175985810349,11.263807976096182,rural,9696,0,47.97016890048406,11.263836926292994
369,47.31005599734598,10.279243066581396,urban,6464,0,47.30627421990467,10.26575934374564
370,48.234397664902936,9.423553247959328,urban,9263,0,48.22435521418625,9.428313172572786
371,48.18104463649363,10.65969409031883,rural,570,0,48.190359969592514,10.659776539688576
372,48.85654071190282,9.066047823727809,rural,4545,0,48.85354792673263,9.051386264776957
373,48.614961493926415,9.95753989971662,urban,11697,0,48.6015335058689,9.949318716050744
374,48.78092612269359,9.481209261524429,urban,251,0,48.80262673703032,9.495320302795074
375,48.81394097616901,10.924146596316078,urban,7473,294919,48.82455842769157,10.92968209229415
376,47.38916168243117,10.566353227894174,urban,13233,0,47.3804234861519,10.5647186681035
377,47.67915169301544,11.446542991586142,rural,1261,0,47.68796970819948,11.443519531222638
378,48.521668839389086,9.236467927037609,rural,10003,266622,48.52401615559324,9.214746823616506
379,47.66874777968098,11.049083114541409,urban,2076,0,47.66887977659539,11.03865691661254
380,48.93595570160502,11.048433026105595,rural,7146,0,48.93906368660504,11.044722727798836
381,47.85062020138064,9.64541209815886,urban,16483,0,47.85156223381185,9.646421167746333
382,48.76796727753631,11.092109642020526,urban,18359,293363,48.75057125899013,11.106862228884202
383,48.94828193626278,10.2598046302055,rural,1580,0,48.95662991242722,10.264993489533351
384,47.56619436300931,10.498572647983366,urban,18114,0,47.55288040945285,10.50815726801974
385,48.01460295705265,10.972668081288402,rural,1560,320879,48.01301766382332,10.972786357999132
386,48.31451511497904,9.38220327059192,rural,4021,0,48.304735011718975,9.369129221842403
387,48.90199668947388,9.613782810665862,rural,8479,248383,48.89788525063277,9.61338462750155
388,48.101537953569135,11.409732992957476,urban,3053,255107,48.1009677613915,11.400886907324615
389,47.51095208854304,11.076208549927705,rural,10873,290372,47.52348144451041,11.081019473516804
390,47.49917213293737,11.21237177343587,rural,7936,0,47.51087640125799,11.203792346258112
391,48.21746637582373,9.080959596525709,rural,7977,0,48.20393889496511,9.088699201361296
392,48.44922225948298,10.21381276150258,rural,2216,0,48.44746740250036,10.210586548206608
393,48.51744790618575,9.583657388636642,urban,4207,0,48.50593592043947,9.558894964241588
394,47.53452724999589,9.294383511652205,urban,5633,0,47.5258450192886,9.294985050865773
395,48.18736139880117,9.854779287411873,rural,5693,372174,48.17206547109352,9.85452073623947
396,47.97462844894719,10.7204774729767,urban,3484,0,47.95881572699479,10.703946304374709
397,47.47207480032309,10.96600526299139,rural,1122,0,47.4630960804988,10.960554824066612
398,47.71063490511493,9.189992647889818,rural,1353,0,47.7207100230231,9.192016521699092
399,48.53937192675486,10.0309138825991,rural,9174,0,48.53706562949602,10.03008815417702
400,47.4983971833978,9.014963992709824,urban,852,0,47.49931189645363,9.024697894452771
401,48.5765132301701,9.44030564150281,urban,1543,0,48.58493814594482,9.444857209056696
402,48.43920850936044,10.29385476864616,urban,2602,0,48.43024363804275,10.288050621040652
403,48.16755243474434,9.426361206384373,urban,10022,324105,48.14272844268244,9.443316430039465
404,48.88514361505992,10.155300729369586,rural,4218,263847,48.86840526055072,10.171584206904903
405,48.89085822895299,10.27330752099225,urban,10096,0,48.890766614992,10.268776668457502
406,47.86440422490229,9.523468055058196,rural,1873,0,47.84670141588786,9.5217569441537
407,48.352960503583695,9.109337805705223,urban,2920,0,48.35175099342469,9.106903235430392
408,48.16396130748712,10.748597197769069,urban,11866,0,48.173574218802806,10.76186679965862
409,48.502526449332336,9.080022306828772,rural,15400,218236,48.50020404550641,9.075943221232215
410,47.83972185360801,10.092151135603826,urban,13838,0,47.83674096367387,10.08956785141776
411,47.91613047183052,10.838652064327158,urban,1328,0,47.90437583995661,10.861594070701814
412,47.65968652365396,11.010601532140006,urban,9572,306223,47.68272394056372,11.00661963821312
413,47.70872449802646,9.1164801563764,urban,7336,237616,47.72042877618931,9.10768835354624
414,47.62567805097381,10.502659812003536,rural,7081,415196,47.61701147534104,10.503669058365146
415,47.51231007832588,9.807407190936868,rural,8072,0,47.5207007865834,9.801632053747088
416,48.90160437219113,9.895017148116075,urban,14969,0,48.90500673504024,9.898643467160852
417,47.85356876864704,11.00002054112538,urban,15495,317321,47.87849992689144,11.021567981227223
418,47.64738764816143,9.670687428079692,urban,3185,0,47.64003734698895,9.675060875562329
419,47.94927576469554,9.353991109914425,urban,16668,0,47.94799178500994,9.358557241953935
420,47.30089463099804,11.458108675248615,urban,6500,0,47.29077708030454,11.444636637067555
421,48.77965613685447,10.636049535787503,rural,7974,0,48.76648725531008,10.640256058794783
422,47.3485716900524,9.609773613071884,urban,519,252164,47.34379722693672,9.609995516348226
423,48.19018848706603,11.467594694232275,rural,5817,210306,48.21557715409981,11.481811408324292
424,48.98146853616088,9.011544278441432,urban,13697,133537,48.98232942117277,9.037078914857844
425,48.219955998410825,9.787764903258292,rural,13343,366481,48.2231636554332,9.781405187995087
426,48.91249287419247,11.398506578703184,rural,3927,0,48.93350712396492,11.381267968171796
427,47.33020546004343,10.670958855732104,urban,3904,0,47.343941999568,10.6718224931386
428,47.694365162956174,10.040830862054769,urban,7552,373113,47.67808921588011,10.052548262567356
429,48.1603721208904,9.74164784276118,rural,17162,0,48.17398443428232,9.71743980329638
430,48.36138853665619,10.226655014748015,rural,9074,0,48.35103262988196,10.221925352514964
431,47.557002419679954,10.27480656097184,rural,1898,0,47.5616471439448,10.271814655276255
432,48.6494775713636,9.193801624937931,urban,9902,0,48.64415492625545,9.183097690052694
433,47.7990924679734,9.175263285972084,rural,14544,265135,47.77744277077655,9.178241006677125
434,47.788958813736514,9.74337574459862,urban,4345,352422,47.78693586574172,9.74240605322279
435,47.41494366465763,9.211064557550891,urban,13608,0,47.42012602693467,9.228252529738045
436,48.8882018605122,9.55323179172778,rural,8227,0,48.887043612405726,9.56456920002995
437,47.54806233765903,10.771933279253687,urban,14355,0,47.55673118598241,10.76672896472972
438,48.2550729084465,11.178914651751182,rural,12755,0,48.23838536204759,11.172461795208273
439,48.78989352517991,11.196001005442303,urban,7873,0,48.78755136396042,11.186739401645232
440,48.253360253999766,10.276127940372962,urban,9650,358184,48.252154653232346,10.277146350328746
441,47.48645700277001,11.01642391472648,rural,12702,261199,47.4719071540231,11.038021487102474
442,48.8715466209362,10.91094807595332,urban,2123,0,48.86480917425818,10.919069797849463
443,47.79184123390263,10.890776336595987,urban,18952,0,47.79594721803669,10.893928146719546
444,48.38343509561605,9.572565929670535,urban,6563,0,48.39189336007842,9.56560688711434
445,48.98219257248981,9.080893042646563,rural,392,141410,48.97109247081943,9.068500033605904
446,48.85532264161967,11.052209114621569,rural,2233,0,48.86458724773299,11.054919245130234
447,47.51983488152447,10.773256926053714,rural,5406,0,47.51928043844245,10.787850048599037
448,48.80652801188318,9.670356498210396,urban,3346,0,48.81456124674624,9.68564095108912
449,48.642245041521576,9.139593531814011,urban,13914,231581,48.62786517441261,9.135192581509294
450,48.36282373358882,10.287413319357768,urban,10420,0,48.36037633469946,10.296963448951905
451,48.14471281666388,9.484841067804094,rural,12295,331675,48.14309550251876,9.490663534021577
452,47.418493802095306,9.58952028327336,urban,9088,0,47.434628769600735,9.594292418122386
453,48.017040790273605,10.629789184234594,urban,10119,0,48.01971300238749,10.63149153648013
454,47.74538027763416,9.959373678404033,urban,8037,366677,47.74371549284328,9.95902486095354
455,47.4857266364972,10.748731373992722,urban,16593,316587,47.48482948894722,10.756911478388638
456,47.89869915263988,10.091874285121133,urban,8098,364149,47.91130702815937,10.100645125735936
457,47.41861247927313,9.600750138194195,urban,19803,0,47.41296194033839,9.5973473211577
458,47.546457583414856,10.45249533401666,urban,5242,0,47.544053008894586,10.453897333312716
459,48.26237370757063,10.576109264815369,rural,8624,377925,48.26193901529001,10.587732989911428
460,48.52153576496399,10.950481756430218,urban,5537,306427,48.51192390525976,10.973151421874432
461,48.69828158882819,9.82491680205193,urban,2085,0,48.70802846962321,9.83131783535669
462,48.29437419263302,9.630311827696064,rural,18638,0,48.29565679005799,9.62934887153017
463,47.89553156409889,9.108020023043688,urban,12568,242818,47.90755347829142,9.111314903355948
464,47.916663753269525,10.309311999289662,rural,16208,381811,47.914090208966094,10.311342611567856
465,48.18031479907631,9.493037531303706,rural,16812,0,48.17749038434388,9.473554034740571
466,48.20877741820306,10.798197461980552,rural,7597,0,48.2056585643263,10.794609434508764
467,48.45761305732203,11.140536804229308,urban,6606,0,48.43834495555419,11.134489098320726
468,48.65321217932546,9.328324675618266,urban,1739,0,48.643277722833616,9.314563229762982
469,47.38890693212559,9.7050800886687,urban,13461,0,47.39443900958031,9.703355761289195
470,48.690325679752746,10.675859609986109,rural,19425,0,48.68292466554397,10.670056048668414
471,48.95091593046549,9.795090847647744,rural,6864,0,48.94550686069184,9.782476109968522
472,47.60504809061868,11.259829470386254,rural,7516,286234,47.61981444534938,11.266172411616427
473,48.92644524084984,10.02024218956427,urban,16783,265868,48.92750073079437,10.01372523521898
474,48.71577869276906,11.40272670527546,rural,3467,0,48.7040390577428,11.389628268338974
475,48.95711644512491,9.56231723655174,urban,6121,0,48.94757844288753,9.567491820306293
476,48.85909753592852,9.605565139710162,rural,3921,0,48.84298562257092,9.60325826150735
477,48.92563781452139,10.26562044480968,rural,17671,0,48.9197370657084,10.256314386829976
478,47.65765665353662,9.686894882483188,urban,13093,350590,47.651452571975845,9.6845736739413
479,48.57164883749377,11.465627949101773,urban,8920,0,48.5786134342431,11.46371986160327
480,48.99881982106811,9.948449108099522,urban,8045,0,48.99759415280416,9.963723162069822
481,47.709015880210806,10.728059333327256,urban,16025,341916,47.70184022052636,10.727104221406094
482,48.18869077482357,10.758012702487257,rural,6486,0,48.19010932171024,10.754079174373564
483,48.7405304080411,10.632119555095668,urban,11243,0,48.74280993584459,10.644333955277656
484,48.29973932850461,11.37487276223338,rural,1288,0,48.31776590348986,11.3840518793061
485,47.63443263709606,9.542389530859593,rural,15370,0,47.65366667712148,9.524685329623551
486,48.45446843670306,10.041291681559132,rural,16207,0,48.461366012613816,10.02481080618391
487,48.98943999841366,10.673197389233094,urban,13966,0,48.99244268713488,10.677154844128069
488,47.914270093741386,9.273202210554238,rural,449,291974,47.90155884847224,9.267787610652896
489,47.3919196208005,10.46795902783126,urban,2945,0,47.40856456240829,10.460915216458837
490,48.02635344155557,9.89003339428236,rural,3586,0,48.01971865023632,9.90186045983971
491,47.31860948097479,9.847019679106536,urban,404,0,47.30497609191992,9.851180090590656
492,48.0316638720857,9.51180407791405,rural,10131,333610,48.02668298049503,9.486391783656686
493,48.28888262613549,10.636073613475522,rural,6609,362866,48.29468015168174,10.641851356345969
494,48.22873160741513,11.350765679130427,rural,19783,273538,48.22452434163519,11.34165730776062
495,47.34732328791063,9.668158560031376,urban,159,262287,47.350685940995206,9.670650158530163
496,47.72151037758069,11.005934123830611,rural,13173,0,47.72306866014297,11.0162597192012
497,48.6387183797158,10.824482650246646,urban,3870,0,48.644898385483245,10.838105011117664
498,48.56381978090325,10.449933860375582,urban,1969,0,48.57900174097791,10.441466598084013
499,48.93218994580294,10.918802427533022,rural,17274,0,48.91984595276103,10.927499837390258
500,48.617210059628135,10.544864594538872,urban,1719,0,48.61016845071001,10.553547220186507
501,48.29132805332989,10.811042105767608,rural,6125,0,48.30058197275555,10.812591887335184
502,48.000775470565344,10.595070652282764,urban,13889,379734,47.9961955158408,10.597423418795607
503,47.76028192206344,11.447466963215213,urban,13397,224991,47.747636008657466,11.464485254966442
504,47.714785134881495,9.824307781701645,rural,5843,0,47.72487171971273,9.832041404686018
505,47.71029396386143,9.790263593027897,urban,15475,0,47.69811383121666,9.806017996147029
506,48.86752067803479,11.280074446017942,urban,8693,240987,48.860683597983744,11.28289491587649
507,48.71368595277268,9.65320014756922,urban,4498,287647,48.695629384800064,9.641224481485905
508,47.55993616575312,10.336298102567053,rural,16860,0,47.56635250429469,10.337020807813236
509,48.688142387487375,9.49259352038668,rural,18724,0,48.69482157818297,9.490046611672598
510,48.13665874529032,9.369293726656531,rural,7322,313044,48.15389970217156,9.36254225190126
511,48.31404503996297,10.133445272972727,urban,8665,0,48.31058830733922,10.124052195458756
512,48.34222395394522,9.685640746640171,rural,16685,348961,48.345204188265136,9.681810915888091
513,48.91465717245966,9.96126214758113,rural,16430,0,48.89535206557392,9.969128042770857
514,48.341491101134,11.453763987880585,urban,15007,0,48.353293074490594,11.450531459320253
515,48.36322883784429,11.16315264063444,urban,8955,0,48.3662326768621,11.171573135006
516,48.67384577200512,11.018402015135935,rural,6461,316829,48.662914045719546,11.046330798670857
517,48.43042360776855,10.628547393411356,rural,19962,0,48.44306730363092,10.627932547339483
518,48.033571947848245,10.189802667116556,rural,7393,375646,48.03619524904988,10.194289151885584
519,47.97112267615677,9.320408430113908,rural,9631,0,47.96266437310746,9.303548714246524
520,47.45832649524962,9.6193898343768,urban,19617,0,47.46752691768058,9.612613414367395
521,48.26782628257534,10.049449831521953,rural,1816,0,48.27821935904364,10.071003652950134
522,48.086934692805706,9.449956576643634,urban,3250,0,48.1017133672698,9.44784958043853
523,47.593619356660575,10.853062056562877,urban,19363,0,47.58356734417137,10.83703132716793
524,48.87637025361327,10.984480239382156,urban,17365,280508,48.90438773628225,10.977126984628343
525,47.88393025197353,10.15686921043176,urban,6174,370545,47.86639023961203,10.151506275915276
526,47.661226787766665,11.356032009625697,rural,18345,0,47.65374041174001,11.35073459109513
527,48.08528104956197,11.377297661723343,rural,11873,270568,48.08054446484979,11.374842249057227
528,47.859506275708185,11.0383716173022,rural,2671,0,47.848965091578606,11.030353518226375
529,48.46378152756574,10.36469802827986,urban,13632,0,48.46429689538599,10.356758692879206
530,48.87253642996512,9.635341179768464,urban,5375,262171,48.857519371044056,9.632284894656092
531,48.62354863138956,10.392460150820371,rural,19109,0,48.63984385105412,10.39630595154746
532,47.486603538888495,9.051823284864208,urban,4986,0,47.48592773960441,9.049751812791902
533,48.93569203172552,9.968527390650893,urban,14370,0,48.950137230151626,9.978265371289844
534,47.56618771811822,9.285232087181637,urban,4849,0,47.56531622492119,9.294335709187228
535,48.03062020706721,10.954811460755138,rural,4891,325535,48.04166474872545,10.953997926434266
536,48.16131174285914,9.85367576559577,rural,7298,0,48.16973576077535,9.8435796621157
537,48.02802672349609,10.493718829948149,rural,5829,391367,48.034306874752566,10.49933500755264
538,47.99584431954364,9.52012038792526,urban,18643,0,47.977209860414455,9.521221292716858
539,47.90362947908461,9.511098207274108,rural,18686,0,47.90004289628019,9.51223688757334
540,47.66912348748501,9.741680036426766,urban,16469,357447,47.66804071567758,9.75382881110844
541,47.352833295286274,11.46232575229022,rural,15470,163501,47.3422537212035,11.445248138447528
542,48.94401315301968,10.675699027370216,urban,8214,0,48.94922486520171,10.686961150870935
543,47.33628333074882,11.215847038205066,rural,18996,0,47.32985747670125,11.217133917852951
544,47.97084379968612,11.32172548882154,rural,11368,0,47.97394810161097,11.33495197220437
545,48.980004133821566,9.311702042713506,urban,1216,0,48.97350643650885,9.323315578693096
546,48.645745165879546,9.978587021666147,rural,19000,0,48.61502086268674,9.963938442007814
547,48.78012302464609,10.577848737269193,urban,5051,0,48.774719942260965,10.58020085227343
548,48.13315400159303,10.547683129549911,rural,3280,0,48.15432422186205,10.534800597766912
549,48.74148028805358,9.17549089217044,urban,7819,0,48.742558529905615,9.17070551777315
550,47.49572744904444,10.517651302707003,rural,8921,349037,47.49360569035573,10.533729573211629
551,47.45218150620271,10.481931886982515,urban,5372,0,47.45163133517436,10.487432748460012
552,47.57345028361463,9.655147304901664,rural,15254,0,47.5795787035696,9.65150030743642
553,48.558273918363454,10.070710652232156,urban,412,0,48.55962172627669,10.0677903107225
554,48.73420438324282,9.23309835811848,rural,15027,0,48.75136726603246,9.22619810944332
555,48.91847984408978,9.502628954207054,urban,5792,231373,48.921647666648695,9.512436343666426
556,48.73924249474384,10.308266640777452,rural,1914,0,48.76066562614275,10.29420593641783
557,48.28775297606952,11.24747385424422,rural,4296,0,48.28854863496113,11.2705703534403
558,47.86972843592707,9.17141407604837,urban,19201,271328,47.8758403886622,9.160599500842777
559,48.26060155321393,10.448093976320282,rural,18596,0,48.26113978027829,10.443808801509444
560,47.46479253570218,9.953956290947396,urban,13418,0,47.479707699345134,9.959804955668591
561,47.97855017727208,11.326945644097744,urban,7395,0,47.97915512457262,11.323898241445256
562,48.04275332064806,10.090679796291385,urban,262,361949,48.03628083032604,10.085396032316163
563,47.48512404489758,10.021031685863722,urban,9226,320180,47.48778453088795,10.017379358503849
564,48.34759591696949,9.685646481187844,urban,7217,347589,48.34848980591728,9.68435776524728
565,47.68782094041261,10.940072535967248,urban,5274,0,47.6981489500661,10.947977417387069
566,47.76521165420086,10.132186925943904,rural,19096,0,47.75490368700108,10.136001678516976
567,47.70400155429105,9.919311055497603,rural,19327,0,47.7004285452612,9.905500369354105
568,48.23968482091725,9.234668747504449,urban,2729,274163,48.23193041426841,9.237285794577629
569,47.75936567539485,9.575141745067551,rural,5391,0,47.78223709488439,9.567461953451168
570,47.94461669190637,11.003494347035833,urban,10491,317252,47.94885914245616,11.01737578485863
571,47.32420251239547,9.577555445511935,rural,8981,233710,47.32768640981417,9.573441823064114
572,48.03473929630948,9.373094434086433,urban,2172,0,48.020719536171896,9.382400848181268
573,48.99921942906296,10.860892153933532,rural,5228,0,48.96598139076729,10.867706673097818
574,48.09847163831614,9.474901667441287,rural,8711,328044,48.10984762425871,9.466013586021631
575,47.80879905959793,10.656167122470812,rural,9884,0,47.81456484450358,10.66459990785246
576,48.30408636651904,9.309695269136553,urban,2801,0,48.31118225257193,9.321289829867998
577,48.77394016892873,9.156427066878203,urban,1272,0,48.76206048823647,9.159888384150872
578,48.48999270972728,11.186544903554772,urban,19884,0,48.465786732612656,11.175972498470015
579,48.57580501938799,11.113118037049828,rural,3476,312096,48.565831722260974,11.117738400950698
580,48.42167120771334,11.340457103011737,urban,4505,0,48.42915622260952,11.342777273620245
581,48.48578270533456,9.918671784749176,urban,12909,0,48.49150905646159,9.9151737269386
582,47.43389229651494,10.209046850510616,rural,19921,311360,47.42104916796895,10.203316442948202
583,48.97325185164379,9.93113759979748,urban,15457,0,48.97765077251185,9.920268507679207
584,47.55752748161115,11.115134426023848,urban,4870,0,47.55807043174367,11.11786417877962
585,48.65060263325245,11.223656405816032,rural,5239,0,48.67529760758146,11.228302785622416
586,47.31701948491668,10.342331881146286,urban,12617,0,47.3029434523842,10.346633006835384
587,48.63980891898115,9.562101786183186,rural,365,0,48.64634251405592,9.563943766393354
588,48.453403921421554,9.190482146256528,rural,13103,0,48.46505792999332,9.184706404310267
589,47.59541378068003,11.280718782764309,rural,4427,0,47.5980778152863,11.279340686798934
590,47.553975619034695,10.254915703093737,rural,8317,366966,47.5501976501511,10.269747063357883
591,47.63284631552301,10.346380722137695,rural,19596,0,47.63628225775412,10.34039870639674
592,47.94646047464671,10.177338874364985,rural,10322,0,47.93962121655664,10.186420271095898
593,47.99342990607888,10.38104491750309,urban,12019,0,47.99328394206334,10.390685624847228
594,47.66111079027049,11.187399560235802,rural,15305,0,47.65331561642326,11.190055426766746
595,47.766291228993374,9.565383607089329,rural,9522,0,47.75998768198061,9.584735564293632
596,47.96777663066558,11.360163450668905,urban,8189,0,47.97039574550294,11.354570629244272
597,48.85457052074539,9.812283666038349,urban,2694,0,48.84468665214487,9.825679697465674
598,48.01599496982197,10.4652491801972,rural,7477,0,48.02011138705662,10.477181551101678
599,47.48385602965078,9.59065590527294,urban,2702,299859,47.48487932425015,9.580809058818646
600,47.67720758422477,11.333081213486196,rural,15603,274257,47.676083546918434,11.346538366722331
601,48.20275763514941,11.077496738809698,rural,6797,0,48.20701576246194,11.05472749296866
602,47.70613958919574,9.193721422602168,urban,14655,0,47.69946094584851,9.199476798751952
603,47.75438821367642,9.277913825469598,rural,4381,284736,47.76137677139947,9.284454185137408
604,48.0846512707775,9.512034215923965,urban,1493,330834,48.09711864133611,9.519064129953842
605,47.83653261848469,9.93019162761444,urban,730,0,47.83318281426466,9.931111787418928
606,48.30955500200541,9.951207244863395,urban,15708,0,48.30274240123624,9.954556070219043
607,47.55802412113872,11.318516735791118,urban,19054,0,47.55686806534708,11.356343293499576
608,48.02058074576844,10.552613715067125,urban,13634,0,48.01064208361286,10.566395755955496
609,47.80982374995895,9.735468833547586,urban,8116,0,47.80747052569702,9.752433960720635
610,48.63448447492933,10.817345022588365,urban,7610,0,48.62636417100551,10.811403806721232
611,47.72182504608626,10.088382900708188,urban,14039,0,47.72895480391016,10.091104029675718
612,48.43622154187607,10.688893969770222,urban,10063,0,48.43580035349945,10.67784950600658
613,48.68408384132103,10.785646391072405,rural,3916,0,48.67588869186165,10.78474809852828
614,48.59574858788668,10.28020560690903,urban,17533,0,48.59577058246092,10.287585001225754
615,48.19718857783847,10.81672016397777,rural,4940,0,48.21609602561334,10.819419180764704
616,47.56324552640788,9.094715626494873,urban,10640,0,47.57986553856517,9.08735981320849
617,47.80109442664871,9.203200593886828,rural,10577,0,47.77854620368253,9.215739457565704
618,47.548019312475056,9.814702755682983,urban,1039,320755,47.56175271783307,9.806695443099352
619,48.07511230470294,10.641798821527598,urban,7957,0,48.08095581004601,10.63782723054023
620,48.22045775713384,11.43370516163845,urban,11376,0,48.2194392812403,11.439530613131833
621,47.60335468106364,10.37892919647391,rural,9799,0,47.58283866938695,10.37148951750344
622,47.9649706383523,10.394887158540453,rural,14712,0,47.98286984693922,10.396030966566489
623,47.939320452900624,9.18858153165714,urban,5820,0,47.94821541817776,9.198772609031945
624,47.57731888883485,10.805866633705708,urban,7477,0,47.57379062816543,10.808601699577707
625,48.97004029736574,11.413233788882115,urban,9853,0,48.960565011529205,11.416534131366667
626,47.93085944197677,10.6165761808136,urban,4380,0,47.931994991686416,10.6201335226326
627,47.51010478910598,11.459298789155913,rural,14675,187109,47.49980571455144,11.47542318873351
628,47.84513572323625,11.469361539983463,rural,14549,0,47.840481256917656,11.467857537537842
629,48.67096848749162,9.243787510422608,rural,789,255598,48.66111510997455,9.25409490022478
630,48.17942767606878,10.487663055988556,rural,2055,0,48.18944135457124,10.487119728271503
631,47.63342865114398,9.549403053958088,urban,885,0,47.64158077655286,9.534290347540972
632,48.14714281117234,10.476449970382255,urban,19044,0,48.1344767733121,10.483669439593871
633,48.42252676098583,9.1243699694853,rural,49,0,48.41864601370946,9.118745892925316
634,48.17741325699373,9.84744069975364,urban,5210,0,48.17587986777661,9.837440408189185
635,48.56425875207235,11.159925000268627,rural,17319,0,48.55919883404408,11.172891047387717
636,48.627813625666434,9.454487199566865,rural,9606,284792,48.62498998675844,9.461547964725693
637,48.89888444127387,10.677513298125538,rural,1576,0,48.9041501103119,10.681988214620713
638,48.15020245173071,10.220194171036663,urban,9026,0,48.1564525155005,10.22036801914846
639,48.55296111083048,9.8894415320313,rural,12074,0,48.54739816497112,9.885942505009776
640,48.47355232771528,10.889689361695169,rural,10213,317853,48.4835018742673,10.89477551959927
641,47.58841963761398,11.271200426899366,urban,18739,0,47.58873694274555,11.2622623872572
642,48.13076231674862,11.319895240312457,urban,10117,0,48.11589550883448,11.327859752660752
643,48.25205616713095,10.56327708264964,rural,11646,0,48.25543708903816,10.555591568253536
644,47.6642876924258,9.879898113100754,urban,17684,0,47.662194102719695,9.875278868553083
645,47.71198314563659,10.64322402471252,urban,18775,365783,47.696185119763655,10.64254699677866
646,48.082226472132646,11.368418127819076,urban,17129,0,48.059638428425984,11.368663535449
647,47.54421661297104,9.706070507914983,rural,12452,317409,47.56390047491978,9.70778216356834
648,47.70922938311463,10.890010368520135,rural,3347,0,47.68915261610572,10.894277926418752
649,47.47656512388621,10.758454238466468,urban,484,0,47.49339501445539,10.738883578441795
650,48.028709085531005,10.1051107305991,urban,16745,0,48.02689271569935,10.0981677220176
651,48.89300148138239,9.169419683807156,urban,967,0,48.9020234296549,9.162650451411034
652,48.1420575570646,10.683161289676931,rural,9285,366577,48.14467590734717,10.670820627311882
653,47.5221474101252,9.12033203031324,rural,9342,211776,47.51920953723192,9.105904865824275
654,48.401373599441314,9.866252046107071,urban,72,0,48.40097469003652,9.870729762650008
655,48.17705367204435,10.530995606175924,urban,7794,0,48.17526459360626,10.517523514984456
656,48.92279151314232,9.285108358676244,rural,13868,0,48.92014465642914,9.27592299381888
657,47.87620554204377,11.155320225634386,urban,19565,0,47.8850381783268,11.157343452154706
658,47.51109620382482,10.43943547087556,urban,11393,0,47.50649828643889,10.441004840190054
659,48.38669284554678,9.48642848716648,rural,4498,317331,48.38226661180534,9.474347134857878
660,48.1576161722522,10.01296453895964,rural,1593,0,48.17204046837542,10.024928108054311
661,47.84803257849853,10.965219436724158,rural,7924,0,47.84256419718039,10.97256079528843
662,48.831336752055975,9.267670427644465,rural,12851,225969,48.83290039962141,9.26904604827043
663,47.348370320639695,9.741303039300028,urban,13396,0,47.33217234516044,9.737377821594857
664,48.24721861933335,10.077964861774598,rural,453,0,48.24384078898289,10.06332799926217
665,48.12332761098117,11.314442035902209,urban,7850,0,48.11710504183053,11.328052419824488
666,48.5245965805906,10.482950389460402,rural,4343,0,48.517898815021226,10.47698895078248
667,48.9803562944365,10.900802379176476,urban,18480,0,48.97759884846437,10.910971873345504
668,47.436138731013855,11.414908908164852,rural,16702,0,47.42698306345053,11.414624613636024
669,48.20763047523986,9.81499083074603,urban,17212,0,48.19955911651734,9.80861450240426
670,48.823990549214784,11.294719885040012,rural,1709,0,48.81048846953173,11.285267568857122
671,48.78782572338344,10.68546637928704,rural,19666,309645,48.78585814915526,10.684685480681278
672,48.28144671798336,11.447205150522556,rural,5002,0,48.28280351539081,11.473291441255494
673,48.29768667763578,9.89586410154746,urban,6332,0,48.30857258017955,9.902561857750324
674,48.09319487098653,10.528675921389498,rural,3078,0,48.10477263833695,10.53827792212138
675,47.73976520465966,10.15139494761415,rural,14773,0,47.73092749050079,10.165986895811647
676,48.61786357930512,11.399646695771612,urban,9759,257524,48.61790924474276,11.416643358051202
677,48.6886830929412,9.364268009706224,urban,5281,0,48.69714263537502,9.369843854087213
678,48.958009630117296,10.154002687348338,rural,19677,223633,48.974914495453206,10.141701602858872
679,48.6941088858391,9.7119263938585,urban,14366,290721,48.68213369993683,9.717136832000802
680,47.31653882173077,9.012576865730098,urban,1960,0,47.31710340234759,9.001145679366752
681,47.58511372368781,9.613568417125135,urban,9415,0,47.58033516556339,9.619986008192823
682,48.17509336328882,9.58097266099051,urban,16106,341075,48.16180343483366,9.575148554512692
683,47.31407374432821,10.28639276875328,urban,13236,0,47.31946899563604,10.288215579186469
684,48.03320619516569,9.197547735308856,rural,3635,0,48.03405144478384,9.195524307512455
685,48.39426393103512,9.122055066810262,urban,17780,0,48.40527712466702,9.126929056083696
686,47.921152638871966,9.201315350327125,urban,283,276070,47.940223101299445,9.207102958812214
687,48.77528487466488,11.465849801891116,urban,8663,204664,48.76223663467794,11.476932443444282
688,48.10283045422045,10.868904788344215,urban,130,0,48.10788848759692,10.85980627559763
689,47.81380295625462,11.112095944888887,rural,3643,0,47.8167513126998,11.115150789448665
690,48.90865104394062,10.066080207247376,urban,2616,0,48.90047405409513,10.067675485405612
691,47.85428005312983,10.603228930760464,rural,7221,0,47.85092291795994,10.588967415154148
692,47.74860262893063,11.12064668452316,urban,18895,0,47.76306864149084,11.105235529536094
693,47.378103881890326,11.01003338360061,urban,11947,0,47.37297269509553,11.000282714992176
694,48.97842391032715,9.829852692363758,urban,2095,206520,48.975623211371634,9.830693733450458
695,47.669848643273966,9.996289028685643,rural,11562,0,47.6620527210447,10.00688856064331
696,48.67324255823837,10.265759845935817,urban,19314,0,48.676297613134906,10.261347273411044
697,48.83072790828863,10.56979534338662,rural,2391,264027,48.85262040056444,10.544320281768416
698,48.00597711369199,9.43478354434053,urban,12393,322778,48.01778971378263,9.427525604027355
699,48.54027859533695,9.441936388601144,urban,14012,301639,48.53653888524701,9.437598548484043
700,47.4601332713974,9.320867815174166,urban,16954,0,47.45924325164499,9.337193255397905
701,48.561869323293706,10.576649824950298,urban,436,0,48.55730211353728,10.581632562088869
702,48.43251233062845,9.56676972554757,rural,2287,325720,48.44221948506306,9.57114502204348
703,48.491558422813966,9.907575884576582,rural,9695,324424,48.50203254074192,9.916442258610974
704,47.510143447824525,9.775661290815297,rural,5039,324159,47.52219989531158,9.780349326832686
705,48.38673023800399,10.225131811238578,rural,2701,0,48.36559452185745,10.213781592921864
706,48.50499824095005,9.65645365175152,rural,13939,330071,48.496092931798806,9.65845790802008
707,48.867811069099496,11.17822712773394,urban,15969,0,48.86172458617577,11.171510773086824
708,47.66236396566711,10.168012730331409,rural,2836,375147,47.65818429001765,10.176788650524486
709,47.96432145108447,11.434311560911318,rural,13299,0,47.95083194373106,11.420125767510273
710,47.965197130167255,10.924802626274786,rural,9904,319526,47.95910209244792,10.916475542733052
711,47.68984623496446,10.08393193611534,urban,13296,380423,47.67239096336684,10.094355213295902
712,47.65675795953209,9.031509951427346,rural,15068,211702,47.63734218414173,9.033404067175836
713,47.62958455491725,10.542298190640985,urban,19268,0,47.63948313206437,10.544543714409304
714,47.47956653742655,10.027422562898115,rural,699,319223,47.48707682082724,10.012308647069537
715,47.442415662777385,9.89616638200824,rural,13758,0,47.47062585296802,9.884568926847956
716,47.91236137480333,9.93720857731697,urban,10150,364520,47.89011507118068,9.940178859547268
717,48.15635956691688,9.096372392800086,urban,11274,0,48.16453496427194,9.100901969098192
718,47.65651219631208,9.459473096872165,urban,7343,0,47.6491914343352,9.45507246654872
719,47.86785232853632,10.827106532091896,urban,2494,0,47.8562921897219,10.836036910773988
720,47.33771527739947,11.340323430044831,rural,15740,0,47.32284314497692,11.347071610736284
721,47.81194465180654,10.218780075853813,rural,1888,373477,47.84114307845003,10.201590536506703
722,48.36776651917995,10.101760548905146,urban,8608,0,48.3591882085369,10.095777586287438
723,47.9510929078167,11.174121923004956,rural,12021,0,47.93227913449279,11.185578784540525
724,47.72297417759076,10.641343827677632,urban,11656,363371,47.73210876586836,10.652270416785605
725,48.3886875743998,9.283754741928949,rural,18436,276621,48.39590601537692,9.268427036385432
726,48.61521209188368,11.31551020692703,rural,18133,0,48.62984303630304,11.31177000254294
727,48.78608461299856,11.265979998533854,rural,5545,0,48.78923218016821,11.248502424482847
728,48.447842549568456,10.55042368723524,urban,4191,0,48.44565004194501,10.555383253222216
729,47.92208443770503,10.803462827707442,rural,18394,0,47.9213954218268,10.793918344564997
730,48.90258957773466,9.847499255352512,rural,14578,0,48.91250067879107,9.8466646358633
731,47.85201516439514,10.638400134304112,rural,1607,0,47.849506572086064,10.625422878599275
732,48.84937704607452,10.896905530612816,rural,4643,289314,48.854708585348064,10.899871863521126
733,48.96383560232782,9.60350681342699,rural,3029,0,48.96549355782226,9.59115598615257
734,48.062793857862815,10.277563569721243,rural,1138,0,48.05277729926165,10.284712215521488
735,47.39060768910392,10.723572998606969,rural,12931,0,47.38181208037057,10.71842979770476
736,48.70830582452451,10.713022634280442,rural,6714,320279,48.71026794060696,10.708050576347029
737,48.05974097165632,11.421077493574368,urban,14076,0,48.058138451820135,11.413097294696124
738,47.49883995557673,10.430710999468076,urban,13986,378008,47.5069378876368,10.419419702485971
739,48.20073422777329,10.500383785734265,urban,12504,0,48.19606882843518,10.489982665734964
740,48.51440598702212,10.981280067598943,urban,1227,0,48.51745844331116,10.969407723672862
741,47.95087582855995,10.607161994235067,urban,15137,0,47.95135576707753,10.612099757051288
742,47.98040619519257,9.258345795650571,urban,13747,0,47.980806485740445,9.25105668661702
743,48.50996462665614,9.440274723563292,urban,5668,302522,48.53673910936836,9.443460334527302
744,47.831251917845314,9.28368972495202,urban,5650,0,47.83847111859513,9.28469550526657
745,47.63439582363654,9.733330270096983,urban,18458,0,47.62191948757989,9.734683734478354
746,48.22721876030434,10.51010300710173,rural,8121,379173,48.231217691673294,10.500934047582472
747,48.41383126237272,9.650787814617129,rural,7916,0,48.41105397826147,9.643836591569537
748,48.1648429437348,10.779069507459116,rural,2422,0,48.16356984254707,10.796255745352308
749,48.87469494246764,9.10494252153276,urban,19090,0,48.874725519509234,9.10123231738694
750,48.02621299186483,9.88868819933552,rural,3643,0,48.02156195143844,9.882780695958594
751,47.46174329544032,10.03701938053713,urban,6529,318183,47.475015048667245,10.0353932112134
752,48.48910922253224,10.685095544996257,urban,1590,0,48.4998745281334,10.67530301627164
753,48.9334540766962,9.82871547870351,rural,4111,233764,48.92728087254157,9.82923685285864
754,47.54055644478737,10.900344620664509,urban,6110,0,47.525130310433646,10.899701910186504
755,47.357392387612805,9.312515839105036,rural,10975,202859,47.37003844815615,9.318249707970631
756,48.47679791125727,9.556797109301742,rural,8719,0,48.47129336477472,9.545554325081758
757,48.29278857862718,10.078393557811124,urban,11238,0,48.28809999693781,10.073934785550115
758,48.93499670103588,9.13477979004776,urban,15199,0,48.93707513621019,9.121125835724571
759,48.74388499521992,10.728537492320456,urban,5182,0,48.75032566798198,10.725708114622297
760,47.94496986574477,11.099759337731602,rural,16844,314289,47.94572697572315,11.105337643749976
761,48.49425348914376,9.603407980888411,urban,16363,0,48.510496657746295,9.606057079989757
762,48.07754160494717,9.902392745658435,rural,13373,0,48.07770317127734,9.89691905053459
763,47.52531756541742,11.357914505347608,urban,3734,0,47.522643305239946,11.357394450675772
764,47.30486164431875,9.381494118150265,urban,288,0,47.29864306004147,9.378012361786286
765,47.55301076263625,10.746582010216375,rural,15701,0,47.55188532063848,10.750033566382651
766,48.82548533342139,9.523837738582715,rural,3278,0,48.81367633455206,9.53143875313054
767,47.8858205647667,10.164636065375635,rural,1182,0,47.87886897989131,10.180563953526612
768,48.17933420357712,10.221631611860465,rural,17261,0,48.18877375727979,10.232589693752626
769,48.236491488049474,10.014378331548151,urban,9366,0,48.22365099556191,10.009840910431445
770,47.788624245708505,10.48817345237526,urban,4963,373252,47.77917374233758,10.495606222026618
771,48.22309307280448,9.65041928208012,urban,8555,356874,48.22729760830119,9.644956481571834
772,48.66025595309538,10.2617942973061,rural,9180,0,48.661657207834736,10.255640648453832
773,48.24534099641392,10.911793018497338,urban,15272,317139,48.24546156157801,10.927724492400726
774,48.34570829806555,9.620119185022611,urban,18381,0,48.35518361767743,9.626372037541334
775,48.50987764581064,9.39594958314926,urban,6332,0,48.50697247681473,9.402493491394711
776,47.58098892030688,10.803747651364368,rural,1006,0,47.5829350891352,10.793684429777358
777,47.83903661296253,10.544175533511156,urban,10926,364107,47.85473803509453,10.51809174127918
778,47.983383607804015,9.680241403490058,urban,9680,0,47.97370605616478,9.675232030151404
779,48.8128514431507,10.223723360780816,urban,4156,0,48.81619681686298,10.215519845421962
780,48.50955112103818,10.867154239755196,rural,11183,321183,48.5161639099541,10.851713923979853
781,48.76563568052365,9.905131835301544,rural,4666,0,48.76549481600179,9.899216816926264
782,47.46623977007861,9.714672791408711,urban,15143,0,47.460788198414015,9.714206920541804
783,48.39224342458935,10.473697586593117,rural,6995,0,48.39309065210141,10.474840821535825
784,47.497727399833245,9.370407820360589,rural,10309,0,47.49848212322334,9.377971829825498
785,48.45246898395311,9.1889204190284,rural,4665,261025,48.44268195203722,9.18447008547272
786,48.12227276747243,9.317924963060022,urban,18996,0,48.12292420052376,9.323695188913694
787,48.49761832412011,9.781920575342264,rural,13862,0,48.5012804674525,9.79224156453831
788,48.90741337483416,10.028105154618464,rural,6558,0,48.90431171937388,10.019068528732085
789,48.35536288631075,10.37004831836924,urban,6235,0,48.34560761176696,10.375820043475557
790,47.66025631269623,9.913191148089176,rural,5698,360864,47.66304365300197,9.912553113022945
791,48.16064706088031,9.91890114888835,rural,14711,0,48.15869423196735,9.916605872281329
792,48.63306319709653,11.143552227424232,urban,10510,0,48.63813725773682,11.14387174209007
793,48.59575155244706,9.61740930956882,rural,8804,0,48.588313263794966,9.624040754599593
794,48.9158191866584,9.588869552618965,rural,15253,0,48.92812482925471,9.574601763099745
795,47.56210903421773,9.010167066055695,urban,220,0,47.561439328058114,9.001419285283674
796,48.71790210388748,10.887815007473131,rural,15439,0,48.73476117785029,10.88137102584217
797,48.39144280523759,10.475882851306942,urban,15819,0,48.394144904160505,10.483733680878458
798,48.2622089867851,11.068110176332937,rural,6077,299073,48.25188546727049,11.065524093653568
799,47.91252699238889,9.912184965175909,rural,4067,0,47.91105792206934,9.915393494688702
800,48.391131408508144,10.547163091777572,urban,10488,0,48.38318694459281,10.54777030728713
801,47.34502881386825,10.759681380550433,urban,18738,0,47.35420684857217,10.763858886549857
802,48.04580912255283,10.313560222452969,urban,12026,396196,48.05468266090331,10.322114497991748
803,48.347662075610565,10.459266995884107,urban,17331,363013,48.35334780005952,10.459240601606515
804,47.882912397186,9.50746233010068,urban,9906,0,47.88792283926522,9.511489927829842
805,48.770299766404335,10.283275877086488,urban,12550,0,48.78805795239813,10.28927302197316
806,47.71113109533486,9.627051811808718,urban,11997,0,47.70693944556648,9.635950474126254
807,47.851642708773696,9.789953808760238,urban,4598,357379,47.83691947899978,9.794915425135542
808,47.91883831342446,9.107921479435264,urban,6186,239362,47.92221576760836,9.109912302102387
809,47.52951316127586,9.380205088908658,urban,7374,265994,47.51610510955276,9.377219227066655
810,47.34076870821298,10.239759201641409,urban,14692,0,47.35308749484136,10.253886679254832
811,48.03672406395284,9.986014384994686,urban,4069,0,48.039461078283445,9.99427367943646
812,48.569699700567966,11.189877651398474,rural,16899,0,48.56038393994476,11.19503904972782
813,48.7517782869125,9.31180250614034,urban,13730,0,48.74672596227134,9.308986583779577
814,47.67010846627533,9.465859891502223,rural,16529,0,47.67020145993115,9.48613257231033
815,47.83991090340626,9.765935039839196,urban,15895,0,47.83497565379759,9.763677502630944
816,48.381587876943854,11.06348153508566,urban,5806,0,48.36989925657987,11.082448557417925
817,47.454580933479626,10.58173922509091,rural,7477,0,47.44323370595546,10.583907560601922
818,47.506429184329576,11.116846026800612,rural,9216,0,47.51168906883602,11.09727197025832
819,48.36149182550117,10.843097369558048,rural,7811,0,48.34624147844331,10.843022215836806
820,47.38105220120816,9.074299093011996,rural,2414,0,47.39918667972631,9.079362476578236
821,48.887957251035694,11.3988484978646,rural,15901,0,48.88321929295847,11.404043369951102
822,47.72693805424638,11.17589004170446,urban,11348,301951,47.734391581700365,11.18990050098768
823,47.43485980286325,10.820263207769512,rural,1609,0,47.411606823262304,10.812047792151477
824,48.62077939272572,11.342204316908134,urban,14265,0,48.6340177999902,11.325036359725043
825,47.445403155524986,9.84910479017747,urban,788,305975,47.43120726350637,9.836826642050058
826,48.32983780762308,9.635700320754482,rural,2228,0,48.31934998181395,9.639051506972644
827,48.81083997264396,10.729600640651825,rural,15101,0,48.80454270555481,10.723477847887192
828,47.6057449573943,9.830413206115267,urban,19612,0,47.60462343286919,9.834821620825691
829,47.9848462225207,9.901298439849148,rural,4314,371730,48.00645973506776,9.89778044434109
830,48.24756565721401,9.228612901192609,urban,13103,272074,48.24734892904922,9.220164488163192
831,48.70423468772752,10.024955051997807,rural,4401,0,48.718619658244535,10.038649281742982
832,48.13943995471946,10.94764684278677,urban,3450,0,48.1601674392136,10.95979184041128
833,48.68541134189232,9.262786585647724,urban,12213,256560,48.68674513047327,9.272688989069636
834,47.46995679649167,10.484935800586566,urban,13955,0,47.48904427172312,10.480577428536604
835,48.21495268439455,11.206849245580312,urban,12126,0,48.21064555568383,11.223345475693634
836,47.52342610107377,9.004225768341922,urban,6265,0,47.53738091394092,9.022875530791689
837,48.77796388888039,9.975996640758574,rural,15551,0,48.765038976111896,9.975803451760616
838,48.55903393263743,11.084901435196125,rural,4544,314821,48.54566393566317,11.094804836962616
839,48.43022610688308,9.69606996764201,rural,11705,0,48.41869774781012,9.68389044345986
840,47.70173026008594,9.324160849422825,urban,14207,0,47.706489665219294,9.324547028724131
841,47.863830782562,10.639069601827764,urban,15844,0,47.85901653865972,10.634509334727964
842,47.88963206803935,11.065417108462436,urban,6595,313819,47.899520070422845,11.065008010627302
843,48.78458228059103,9.581644094287212,urban,10921,0,48.78587842897746,9.594672331915806
844,47.45022036330777,10.361509984348077,rural,17419,333247,47.44488191839641,10.355934562299067
845,47.37876070212518,9.823600111374002,urban,17128,0,47.36445711184976,9.84621149191926
846,47.69922368590344,11.42730381075008,rural,10902,0,47.701942601808696,11.416813420707784
847,48.64582213029932,10.71380170120104,urban,1956,0,48.65533718133042,10.725192415066443
848,47.756381006220735,10.42054168491796,urban,10870,403464,47.7458583215232,10.42025796511576
849,48.74377876159173,10.154512725708928,urban,5187,0,48.73679478097403,10.16221988061697
850,48.86511681423757,9.314095692421594,urban,6453,227314,48.86004703048656,9.312108795449538
851,48.32126858677382,11.138675419285397,rural,5023,0,48.3210234178356,11.128251293725365
852,47.99689889560764,11.473484554550494,rural,7709,0,48.004175077796845,11.468590960423844
853,47.98794915243935,9.824466372354252,rural,13279,365544,48.00075262507973,9.825899172244458
854,47.72536182127705,9.70430325665336,rural,19066,0,47.732768799144914,9.701908549168254
855,47.7007583402718,10.63980928570112,urban,2745,0,47.70499532568935,10.617950299940754
856,47.61943294122849,10.61348553312176,urban,10729,0,47.63803898823978,10.62079699882879
857,48.66087674390845,10.62530453322823,urban,18402,0,48.66816823307064,10.604182352573948
858,48.70922845079116,11.222596347681884,rural,18485,0,48.714701957377336,11.2268816425653
859,47.65904823309333,11.271470136721732,rural,8249,0,47.66365737058556,11.277241910860738
860,48.718294184737736,10.959226226894256,rural,8608,0,48.70431244244696,10.969865147312852
861,47.41513818813606,9.573538263826984,urban,1591,287563,47.42136488164172,9.5636192890752
862,48.538499003884056,9.306828107738133,rural,14844,0,48.53534851956617,9.296998257862567
863,48.860474496851765,10.44378555111016,rural,10383,0,48.85259844389826,10.462591586137757
864,48.74937149212322,9.456097988846292,rural,15172,0,48.750369220517705,9.464690854850586
865,48.54005773228302,10.50772472132546,rural,12033,339810,48.542065369720966,10.509507486918276
866,47.92307041300751,9.321112197639474,urban,600,0,47.9262392539284,9.315456588777218
867,48.68457537653264,9.41189891899032,urban,9064,0,48.69627335437386,9.415705966244625
868,48.89184481899044,11.092901309755986,urban,18446,0,48.89629075702902,11.107400239386116
869,47.60505511669205,11.098450793390109,urban,12962,0,47.6087549528505,11.11329084158888
870,48.12846506098565,10.835994873525122,urban,7526,0,48.12063062670723,10.82368745355698
871,48.22919622876877,10.748938069833176,urban,19649,0,48.22683198528752,10.748959749698892
872,47.46070344972166,10.440003834741283,rural,15044,364490,47.46358243274668,10.451850315141172
873,47.68302371022881,10.434959879292665,rural,17622,0,47.68059377362496,10.429526472914729
874,47.95898637426802,9.416166806687087,rural,992,322802,47.96049468731738,9.417057435272923
875,48.49647374843558,9.841853653393144,urban,15406,0,48.49442779660832,9.862581901012616
876,48.34271302480576,10.408612474853076,urban,16120,0,48.36097804303716,10.40749008984138
877,48.3436000361711,11.151590461760238,rural,12058,0,48.351026970518575,11.13782770473462
878,47.96515526614202,9.958674283408548,urban,15435,0,47.97505947964274,9.960705790465676
879,48.029664579308026,9.491807677058016,rural,4229,0,48.03704270055,9.486573970279458
880,47.85256125163054,11.30819643962042,urban,8755,285846,47.83544120242201,11.3034849650494
881,47.527167734034194,10.443587376511324,urban,1468,0,47.536737567235534,10.453633720008346
882,48.64642289869004,11.07963050191932,urban,10620,0,48.66430823189789,11.078235178928685
883,47.90095226593469,11.171034209378124,urban,7296,302752,47.91764898346293,11.187008912455024
884,47.693622104600834,10.492116984886149,rural,13996,0,47.69071571732459,10.49620659002666
885,47.330989939240645,10.521141857426723,rural,3932,250687,47.34036179381679,10.529023741108746
886,48.22962183715643,10.245233537559914,urban,12559,0,48.23745129488978,10.230296423684312
887,47.36845180349455,9.755477171343326,rural,16792,0,47.35512915769917,9.755495438723068
888,47.91134526578716,9.67115161924442,rural,7650,0,47.90233616294833,9.677691593081384
889,47.406172792655646,11.424434450464364,urban,3243,0,47.408073054888064,11.427416201686254
890,48.23568551888833,11.36646202450858,urban,18461,0,48.2118746615536,11.36218217221073
891,47.37816683237282,11.382300733952,urban,9539,0,47.3985008981,11.407629496598634
892,48.28462745564838,10.5065105772765,rural,8197,369339,48.28812828370926,10.498629154225268
893,47.33300225339757,9.34726768572253,rural,2269,190205,47.33457269222562,9.354381444842495
894,48.049855104569104,11.312037325905145,urban,13858,273844,48.05380610135997,11.30459415391853
895,47.61593972133967,11.153209295221426,rural,18068,301018,47.63645694065403,11.159844958680557
896,48.55258323997418,10.80492112722073,urban,16041,0,48.56109890526701,10.819794088957494
897,48.54799835010402,10.601415948970963,urban,19086,0,48.54804964823737,10.589961979017248
898,48.02482093006413,11.221287348576952,urban,12301,0,48.03227251324588,11.21336293676766
899,47.598051739508605,10.505109932748386,urban,16855,392974,47.58412855935294,10.515040157942783
900,47.96851189979345,10.166328766585668,rural,8923,365775,47.9847360417573,10.166026079988546
901,47.625318818434806,11.107041489758652,rural,4377,0,47.64469711047629,11.090875768215072
902,48.97023386412159,11.418491445328502,urban,4102,0,48.9741151345095,11.42002701016687
903,47.828738998429785,9.071724889156306,urban,16804,0,47.81043920876852,9.100496588268754
904,48.4496945248733,9.051308436239756,rural,8756,0,48.4206576053237,9.056953072578988
905,47.66387774684202,10.508049595177088,rural,4481,0,47.66295343055683,10.52950630782854
906,48.61884562306697,9.172801266756077,rural,15379,0,48.62375896176919,9.18174607012341
907,47.60656973909329,9.25094807828829,rural,5587,0,47.619623410950666,9.250488444854597
908,48.067543315009125,10.871837397608768,rural,3608,0,48.07582318448132,10.875087727002668
909,47.31295932258072,10.927451025366777,urban,9261,0,47.31748096431791,10.939961227569269
910,47.36186583893356,9.26682409057944,rural,3487,0,47.37134012580663,9.266406307448255
911,47.62311013982114,10.47161561646382,rural,12286,415799,47.62775710212665,10.473415991667284
912,48.97992472872061,11.322803169608228,rural,5619,0,48.98265276531258,11.323698827026986
913,47.87546927844421,11.401964889696512,urban,7401,0,47.87575890880913,11.416424370052583
914,47.5802968740977,10.641234647823792,urban,7587,341112,47.5711126558413,10.638507606527032
915,48.60276597134582,10.235372090134376,urban,11335,330099,48.61357217304682,10.245561456922587
916,48.76022565099095,10.613599674831775,rural,613,296651,48.7884387017707,10.630808298942355
917,48.91895974518685,9.461618176825812,rural,3636,0,48.912464680316674,9.465163696087194
918,47.97356992067147,11.068907986095288,urban,14258,0,47.97776234522088,11.064506647866487
919,47.671503960996375,11.013166428267509,urban,8787,0,47.64941044177103,11.023448037219994
920,48.8589977847698,10.94839143586494,rural,3603,291165,48.84125108539781,10.949814661619088
921,48.711993046590514,9.192641433377396,rural,6892,0,48.72569151055024,9.200967648845896
922,47.45929676974955,9.593611403269014,urban,15201,0,47.45009981076996,9.59114928867872
923,48.65081488980218,9.859120147319953,urban,15431,0,48.65339995377308,9.879558500950196
924,47.860083013056816,9.623201558126778,rural,19965,0,47.86250519451845,9.615270876177506
925,47.67296435251101,10.661300748125251,rural,5625,351985,47.671744996648016,10.652483248846632
926,48.56149855410236,9.18051960064616,urban,11792,0,48.55178832542764,9.170988064035448
927,48.81148365178576,10.127560517895509,urban,9582,0,48.78824975250072,10.120365766386632
928,48.82794037047394,10.28325027922535,urban,17359,0,48.84201485506632,10.277144073056451
929,48.83543812308704,10.769990040342677,urban,4960,296541,48.84756173613405,10.76940830433171
930,48.96772798465859,10.049377244791549,urban,7813,235878,48.9633643450502,10.044042042620305
931,48.68318254788071,10.081119062468805,rural,11971,0,48.68109303930233,10.083598049267522
932,48.01557010442052,10.9354044311425,urban,16258,0,48.004160961381054,10.934399598002466
933,47.66155761198746,9.041658940611084,urban,3718,0,47.66093375236519,9.048885274952507
934,47.43035550895666,10.665802538404202,urban,17024,0,47.43821459753531,10.6775918804044
935,47.48445888652553,10.881554539831798,urban,19869,0,47.481227332516525,10.87753227265278
936,48.38500636237424,10.799068254002677,rural,12454,329024,48.37257531265287,10.801119364712234
937,47.789190072186464,9.654254932019656,rural,10380,0,47.7810880230369,9.651514571574111
938,47.4198131720122,9.840837803139696,urban,1021,305021,47.42782632877088,9.84534409241416
939,47.651141041788975,10.217671023597928,rural,449,0,47.64614650386395,10.216936903314936
940,47.340431571218375,9.600014980005197,rural,9076,0,47.33388267800146,9.62428709064286
941,48.147734608443976,9.745576016928071,rural,8129,362921,48.15471021632488,9.725888480594527
942,48.76353673933164,10.304439923106838,rural,1159,0,48.75425402492071,10.30920297048026
943,48.25758093354446,11.096133761286971,rural,16140,0,48.25728481682355,11.088188084810673
944,47.40423822313837,9.68388168487058,rural,6678,0,47.41981908335013,9.692892808608764
945,48.82574118766931,10.69945298174854,rural,789,0,48.83933575561135,10.70118503925406
946,47.47843345040963,9.604941075240449,rural,12322,302350,47.49322499464547,9.604322218753978
947,48.20331813483782,10.72942633204884,urban,19145,0,48.19980058931441,10.728002845042637
948,47.81364699566493,9.703976166289872,rural,2805,0,47.808994556508914,9.68968311303043
949,48.21409584695411,9.916341997734769,urban,17057,0,48.225202570268245,9.91121854888372
950,48.32091387164236,11.218162110602025,urban,649,0,48.322999117498426,11.200291599261284
951,48.68294050606175,10.031758025827909,urban,3085,0,48.6634694673754,10.017314766730092
952,48.59696907357905,10.6278149933273,urban,11753,0,48.586741189313386,10.616160452823504
953,47.60039598569725,9.513981723863909,urban,4059,300968,47.601362695392176,9.516204703714084
954,47.87267063569478,11.188960001263371,urban,19801,0,47.8759839657256,11.201071125830904
955,48.4778164035179,11.497518378427491,rural,2688,196641,48.48014402161756,11.503207443228533
956,48.811474178133466,9.995088659936656,rural,7666,0,48.81022244870585,9.976708169628838
957,48.64839784359211,10.60102937515169,rural,13189,0,48.6474288374542,10.586564009844915
958,48.12151690258689,10.21171477645935,urban,7356,365133,48.12540575680635,10.220715267739116
959,47.61517535195691,11.34305976788982,rural,8608,0,47.60722359739363,11.339152462730672
960,48.42378019339929,9.539591219373436,rural,4517,0,48.41599009139333,9.535687843784713
961,48.38771227014426,9.955960970903458,rural,16718,0,48.38684501129229,9.967250395559889
962,48.71865736028183,11.315017258290355,rural,17240,0,48.71419482635547,11.32354753206164
963,48.53564956179918,9.190057296881225,rural,19968,257630,48.53852985180712,9.18173631483161
964,48.025649273302975,10.433378321811146,urban,8850,0,48.03385729468852,10.449578106214377
965,48.787391399442114,9.66193577583014,urban,307,0,48.80254117829099,9.64904004751298
966,47.482416087155954,10.72586758488904,rural,19233,313764,47.4775209583621,10.709655109419488
967,47.97758087240953,10.24443644653356,urban,9353,0,48.01087176800272,10.229146808547354
968,48.082066470603024,10.335246363889723,rural,12398,0,48.076414361289,10.332628600616529
969,47.423909994488085,9.4220581260899,urban,10885,0,47.41633230803929,9.421842759707284
970,48.859642692687686,10.739750026386629,urban,17394,0,48.86912776996776,10.72023277660864
971,47.318302677606695,9.099458367481118,rural,9892,0,47.30995022534042,9.0999467223328
972,48.05675464158173,9.886817175965206,urban,5195,0,48.05548928693402,9.905302204845803
973,47.61633666487878,9.010847973945571,rural,13211,205498,47.6334723408858,9.022627991691753
974,48.14962610072968,9.408565231558358,urban,7019,320774,48.13709553899787,9.410011249290523
975,47.51088412291416,9.774276687513217,urban,15884,0,47.52892360965208,9.776954623778668
976,47.64707859068274,10.034038275767038,rural,1082,0,47.65715617714592,10.038126686689832
977,48.08700992602181,11.432428916201935,rural,6129,0,48.07924244131414,11.4379104741018
978,48.82562727361431,9.5665589264545,rural,4870,0,48.82850291691642,9.577184768973622
979,47.32989598592272,10.619230051961916,urban,15633,240465,47.324573102312414,10.610302029402185
980,47.61280764463591,9.11323470262174,rural,14028,0,47.61019456937729,9.105422800441088
981,48.18818638364771,9.961089679746609,rural,19485,0,48.1873073299512,9.95743263679755
982,48.18079319882176,10.723323976988691,rural,16754,0,48.18587037625692,10.711666440914136
983,48.29032812633266,10.868436579226126,urban,6761,0,48.28851295094138,10.873914891892438
984,48.50371810326229,9.605115457630596,rural,6842,0,48.501359858270256,9.602972923419832
985,48.70463913845148,9.792134334356785,urban,4886,285648,48.693789430724905,9.789008088151697
986,48.62564754978265,9.63087559005621,urban,10434,308448,48.63019728681895,9.639993482115251
987,47.8248918152726,11.037380499615791,urban,13665,0,47.82016159938314,11.014547136374937
988,47.47357214477656,9.748698168189872,urban,7848,0,47.46941339191972,9.75333491330752
989,47.8656258963112,9.242072317181572,rural,5214,0,47.8587377072384,9.220499244011032
990,48.65764261410279,10.32977288805724,urban,17752,0,48.65735487948984,10.34187809555054
991,48.8908221887349,11.01529981892686,urban,5775,289397,48.86434426131933,10.994509949440898
992,48.69045587613793,11.377057050572668,urban,17756,0,48.66795175058001,11.385126056690366
993,47.4727971007663,9.359595396896577,urban,5558,0,47.47284464502349,9.35941443597853
994,48.0850840065586,10.783327674070245,rural,1498,0,48.091659042416566,10.780205507459565
995,47.95628293117267,11.393954246087922,rural,6069,0,47.97043806452134,11.376119342473734
996,47.727749718044535,10.769788311470068,urban,5445,0,47.7376246479658,10.774803955728247
997,48.27317908139662,10.192727766375429,rural,9654,0,48.26999785169831,10.19424242397657
998,48.33836739976321,10.22390406427269,rural,9058,0,48.337575451538406,10.230405940772105
999,47.9720862314252,11.458757490138414,rural,16495,0,47.97738760343273,11.464776521223753
1000,48.69367717413782,9.426074012164342,urban,11383,282854,48.67714170425256,9.4188999439415
1001,48.20340736380611,9.724044143789977,urban,8971,0,48.19937310006627,9.740038079925096
1002,47.9707780380027,9.200555924368212,urban,5544,0,47.980696169759256,9.200755455813251
1003,47.46220391526891,10.40707212755039,rural,10840,0,47.46489160520696,10.411581146093203
1004,47.325165056669015,9.772827915262818,rural,10434,240082,47.3168425456175,9.783194123998909
1005,48.12037655140431,11.115215696544524,rural,15264,0,48.11981543583209,11.1228995352755
1006,47.62098287711771,10.514007316874324,urban,14357,410284,47.6188968674048,10.51612143087429
1007,47.89805697618682,11.30350405193982,rural,13044,0,47.88600144153732,11.286981759073056
1008,48.91942969829342,9.13912968264885,urban,6738,0,48.93391221433371,9.142198915864592
1009,48.96830125818656,9.028732077350002,urban,8157,0,48.97410630615308,9.036048501700492
1010,47.8277160775368,10.974111112840008,rural,5296,0,47.834967481552304,10.981382199916288
1011,47.44023483251317,9.17834291304464,rural,5795,206508,47.43627893142863,9.197849751717092
1012,48.730559744292144,10.897455669061314,urban,16156,0,48.72919819347833,10.902790080614952
1013,48.76664492555319,9.330524406593188,urban,2874,0,48.7658362538521,9.31648753418683
1014,48.51960981423231,10.2178093061461,urban,1096,328046,48.53215791069131,10.217050123653047
1015,47.8793842584515,9.500606673294811,urban,1046,0,47.88031929551004,9.515530886486715
1016,48.73325745849939,9.50013288512912,rural,339,0,48.7329239454792,9.506256514652897
1017,47.600554701906205,9.180300925560385,urban,11262,0,47.58872839095299,9.187331683381473
1018,48.7998924247998,9.913834347637446,rural,3636,274347,48.79892303070723,9.892905284380658
1019,47.53512049643261,9.12639349049874,rural,9254,0,47.52316519291744,9.128622559041698
1020,47.76767943308516,10.321274908147643,rural,1805,0,47.75091606350596,10.31455189241688
1021,48.50849975648063,9.604646114562538,urban,5125,0,48.52318502551774,9.611654540868836
1022,48.5140421714571,10.411358536439144,urban,11871,0,48.52350531208116,10.42107483452233
1023,47.46982921005507,10.063980653462442,rural,9011,313953,47.45550720362829,10.062635535725024
1024,48.768053383764006,11.032494544204132,urban,8042,299375,48.7772202090682,11.029468336573284
1025,48.03761486678463,9.58811431427035,rural,10142,0,48.05670419757495,9.592997484126942
1026,47.78873171949576,10.511040794386917,urban,4757,367751,47.80468749621735,10.497115667387256
1027,48.03364141073583,10.365710723392038,urban,16763,0,48.03047113571075,10.374062142867825
1028,47.889679508708845,10.685769398409567,urban,4123,0,47.90806181558401,10.680167988454151
1029,47.97808258748769,11.044859814745674,urban,10312,0,47.99366852792295,11.037149482706852
1030,47.78241111312689,9.556433295891058,rural,8045,0,47.77798210405543,9.54864899067482
1031,48.7571607110008,10.94642309582484,urban,13958,0,48.75741640682778,10.95284430736861
1032,48.38955232613643,11.359637412069668,urban,3005,0,48.40882419286838,11.356061620345631
1033,47.641774307373296,10.8637697846696,urban,5633,0,47.64699913706644,10.860409324846728
1034,47.589514472085824,10.128451627233035,urban,6377,0,47.59310023110879,10.134536492976771
1035,48.98425309871181,9.115259049006731,urban,2441,0,48.97158897934444,9.09734708656819
1036,47.60647763083316,11.321928107824013,rural,19920,0,47.60694695953894,11.325781509954
1037,48.50605059464065,10.531063112396222,urban,10125,0,48.50971703815861,10.514672481447032
1038,48.41019646287819,10.41828062146298,rural,10004,0,48.40539632887355,10.408431479557995
1039,47.593403973119294,11.16572409955316,rural,9514,0,47.60826268760019,11.155733411228088
1040,48.92055825046812,9.411772828709106,urban,19096,0,48.9333088011883,9.425700233205829
1041,48.32398685568224,11.04700508430615,rural,6096,0,48.31722603143964,11.040522538982408
1042,48.83657122446576,9.791588955270234,urban,2543,0,48.85008978330874,9.774134259804288
1043,48.1730889504861,10.471345258695704,urban,3899,0,48.165501432063245,10.475974042792968
1044,47.67047663911415,9.81544586297974,rural,7247,0,47.69552403596487,9.80852460907752
1045,48.85699716701047,11.375194365256824,rural,13492,0,48.85239560397415,11.37207070307339
1046,48.8945653150854,10.308744243604044,urban,11968,0,48.89369553096458,10.299961927777154
1047,48.034151992906125,11.16500920430082,rural,8087,0,48.03387431338349,11.150716672941666
1048,48.014224483207634,9.885643159601129,urban,6596,374357,48.015479119340654,9.887721318485148
1049,48.91826644073155,9.671199326825924,urban,8751,0,48.88791535037604,9.666406429803317
1050,48.09353521563692,10.48228300669787,urban,11826,0,48.0912706091949,10.486949218424275
1051,48.57011002265233,10.693282317188826,rural,19515,0,48.55769873525925,10.69634362528375
1052,48.4683433494321,10.231766571626038,rural,15606,0,48.46025682269083,10.232222440451068
1053,48.03338660773533,9.320775365488634,urban,4741,0,48.05501537259684,9.324101437043756
1054,47.88928875125008,9.227636809142366,rural,4859,0,47.87162025837737,9.234367260341816
1055,47.32014121768606,9.99154633503033,urban,14185,223695,47.30784489780716,10.02200772840406
1056,48.87132276386366,10.802127640281544,rural,16943,291239,48.87476307710867,10.797140993753253
1057,48.04408850488088,11.430634740923775,urban,17258,0,48.03679775745274,11.43624608805248
1058,48.57985576398188,10.236759885361636,urban,17909,333103,48.60276892122071,10.230103090570973
1059,47.9778868779572,9.195132554394108,rural,2302,274155,47.9929450395265,9.208698617050482
1060,47.7502187232394,10.820216120743371,urban,6694,322098,47.748447382799846,10.82866089686249
1061,48.81177352348468,10.833671938554469,urban,9435,0,48.80102533216929,10.837232421940614
1062,47.409184402406105,9.369941218224843,rural,3944,0,47.399785032083976,9.35030461416768
1063,48.42871594463184,10.488613713657005,urban,2449,345164,48.43261899454495,10.492004755575817
1064,48.91359691723533,10.4519893255056,rural,14904,0,48.91091550123383,10.462088166587138
1065,48.87550402325583,10.67912229863252,urban,12339,279555,48.87464415941845,10.67276853457533
1066,48.80762112690796,9.410089803342624,urban,6978,0,48.81020335314928,9.406004568536964
1067,47.62154957054971,10.066519596309815,urban,19011,0,47.62898066012731,10.0767482980243
1068,48.74752326546132,11.29026794613608,rural,12484,0,48.74834667784928,11.309675106625344
1069,48.26709090526877,10.479891875350674,rural,9077,373598,48.25386256316758,10.47241557097796
1070,47.54473830596381,10.2780685558084,rural,3768,0,47.5362328697704,10.28075190052502
1071,48.79859386297045,11.045106818247108,rural,13365,0,48.79264940284542,11.03879220624914
1072,47.97329276475559,10.411816006655185,urban,11044,0,47.95556990444695,10.40957765009772
1073,47.32527317259555,10.87937688748842,urban,17726,0,47.31978405326184,10.880846390571383
1074,48.64213362455425,9.369875737493768,rural,3644,0,48.64851371128387,9.355591781388114
1075,47.49946536121694,10.85881205724012,rural,12475,0,47.49426522657397,10.855516766418395
1076,48.36129216475405,9.5958084669939,urban,11860,340964,48.37670527242843,9.607377823057115
1077,47.389985608709154,9.754695925973529,urban,19008,0,47.40563188447094,9.744628649461934
1078,47.76286223043184,9.166571574100544,rural,3910,256677,47.76795287793319,9.148160317840476
1079,48.33255015525275,9.98426347963441,rural,17175,361213,48.32225473719868,9.995675951580235
1080,48.027959397734136,10.203702291418775,rural,10383,0,48.01909515804012,10.204252492933964
1081,47.94521854436361,10.477563287460695,urban,6407,380445,47.935855507931365,10.474462506381665
1082,48.80575999264469,9.180967548117213,rural,9217,0,48.81447965273574,9.16458308815022
1083,47.49100177536692,10.54226521193768,urban,15706,343644,47.49533723579784,10.549583674421502
1084,47.95430950277826,10.508966044755178,urban,6090,379356,47.94248038844438,10.523862587445295
1085,48.960032266020605,10.775430835873385,urban,1486,0,48.94299280097103,10.777117952367105
1086,48.66222412485773,9.49149150112635,rural,12363,0,48.66065805123812,9.49968143299113
1087,48.56364338843084,9.408138244684736,urban,2236,0,48.57494728146186,9.413573548951518
1088,48.04598435681054,9.798288990591656,rural,5794,0,48.04801978291528,9.787589163721442
1089,48.543579569487655,11.07118415427654,rural,13561,313018,48.55238255998509,11.074987734467491
1090,47.43780324031037,9.964284960699876,rural,14729,0,47.446621159133706,9.966419863561637
1091,48.80626308521804,9.451650906215152,urban,17946,266820,48.8112952061794,9.45321228611964
1092,47.51059065954273,10.358775889677275,rural,10094,363310,47.50520215440142,10.358428914230988
1093,47.90194232342344,11.045806530512875,urban,1293,0,47.91562977161777,11.056673872398836
1094,48.98844518814031,10.8964139859481,urban,3653,0,48.98906458770907,10.890346347887236
1095,47.328644887523005,10.4723193423263,rural,17583,0,47.32920456162127,10.479041346431869
1096,48.8567914940765,9.874315055037178,urban,16714,0,48.87161493712889,9.879491475786658
1097,47.84160369124845,10.248010342891778,urban,7075,375990,47.84115787828447,10.252570847042229
1098,48.00209220833981,10.821950360890296,rural,939,0,48.012053825060825,10.823553127990328
1099,48.39782832016348,11.11122411747044,urban,3265,0,48.39109679505347,11.102964264755313
1100,47.569478475708735,11.245250918953214,urban,3114,0,47.56006144419756,11.253843571456578
1101,47.63510946900355,11.369060661766486,rural,16238,271324,47.63514854906308,11.359498291275946
1102,48.84336194784506,9.606327707353396,urban,8699,0,48.8387678292745,9.611038836798928
1103,47.72169575118592,10.333228363206825,rural,10877,0,47.725253391168586,10.3338050822872
1104,48.94083702800007,9.26069014947056,urban,1323,195561,48.92727694141928,9.265029211414795
1105,48.32902207486941,10.651801254226887,urban,11820,0,48.329521771517165,10.642724363882865
1106,48.9327486930245,9.59711880751729,rural,11818,0,48.94523542900063,9.581081196620078
1107,47.78207338897148,10.324602576012447,rural,18995,0,47.7732173995499,10.320628258413969
1108,48.33133878297368,9.187777924451844,rural,11086,257309,48.32875601677424,9.18801649264379
1109,48.3325349824839,9.118465968191632,urban,3362,0,48.33029470095552,9.120106990112909
1110,47.95787929810043,9.250171901233056,urban,17582,0,47.94725563977438,9.233564938954256
1111,48.547270647022295,9.045017832185582,urban,4602,0,48.5406121947437,9.05141653621024
1112,48.88813727414373,10.228268937908144,urban,8702,0,48.88212013039661,10.23075975742397
1113,48.66298835204188,10.514607978280257,rural,12830,0,48.6615368313001,10.52395667608974
1114,48.26192492052044,9.610875594708691,rural,18470,0,48.250442007538304,9.624490352263932
1115,48.57561336991524,10.764186167818728,rural,16783,0,48.58308009535606,10.767887310073206
1116,47.87551417203509,11.118342935642133,rural,918,0,47.885609703021245,11.12657266959715
1117,48.02547462730165,10.917735823011814,rural,16862,0,48.00560483823852,10.920411684104186
1118,48.64029574232543,10.4639617365374,urban,4903,0,48.6301424540493,10.464573485056713
1119,47.71790254153839,10.46150700910709,urban,10925,416931,47.710001122685085,10.453095545289596
1120,48.661749630962944,11.070536274857233,urban,4325,0,48.65390696257453,11.076583356498944
1121,48.9972691413784,10.346550127282512,urban,18713,0,49.00727437125046,10.366040471932488
1122,47.88811651655225,11.457666713721762,rural,4283,0,47.87875483504315,11.455748652268454
1123,47.74657580031136,9.11516905982565,urban,3271,0,47.753759080245096,9.124458061687069
1124,48.18435022735468,9.587884335746237,rural,5887,0,48.17369285927781,9.588443995947888
1125,48.614531838906814,10.505518118204195,rural,589,0,48.62577132160327,10.531089867750284
1126,48.98600787573491,11.210361382104034,rural,8659,0,48.981454056181136,11.218269543345848
1127,47.42219447431176,10.29649173703656,rural,10220,317537,47.41565290675146,10.280258894964325
1128,47.789605017089485,9.879271992006723,rural,16174,0,47.80558111071542,9.879044407935126
1129,47.96340431953671,9.415871997045212,urban,11242,0,47.97273517159238,9.415837157551255
1130,47.3454742847944,11.29535582257023,rural,11914,0,47.34766021485554,11.288963663124294
1131,47.49539595617622,10.797150251571033,rural,14530,0,47.47908780489208,10.79424525621326
1132,48.34248993386753,9.946939180640602,urban,12651,356622,48.34286925865357,9.9630604828217
1133,48.577401624995936,10.11968201748997,urban,15612,0,48.57267617709054,10.110979338561144
1134,47.639091088212886,9.193274599678444,rural,2681,0,47.63288108076871,9.188845903445676
1135,48.36868345656368,9.546157026007698,urban,1557,338441,48.37966797690904,9.558817682727932
1136,48.60461596645919,11.339623831788582,rural,7436,0,48.610143037281496,11.34215839674686
1137,47.72559340632322,9.247728523816596,urban,11736,288419,47.725642797442745,9.251160487478227
1138,47.610913639554816,10.490947446613742,urban,6380,0,47.621320293082725,10.484168829406102
1139,48.13516069097431,10.827512398370796,rural,16663,341108,48.14510587705188,10.833679296755236
1140,48.877768494392114,10.005722804810093,rural,17576,0,48.87426867857834,10.015349254893804
1141,47.646518318494486,11.358245357046274,rural,7155,0,47.655396454089626,11.34929815384454
1142,47.39402432108118,9.712404212333,urban,631,0,47.387669044189074,9.713261500823982
1143,47.7024077820846,10.62849530881931,urban,15000,0,47.70226639471733,10.609771605899017
1144,48.62924614910697,10.579666899015324,urban,6900,0,48.64266265519929,10.563615349750068
1145,47.83929041918232,9.94691274631124,urban,6529,357789,47.83509913958778,9.94938536930268
1146,47.65310589754567,9.1702366120578,rural,1121,0,47.65713780470111,9.198311546576068
1147,47.84962408888929,10.59126634505058,urban,14062,0,47.84680644716265,10.600913538448363
1148,47.655430556239445,10.443308388235224,rural,10842,414386,47.6677981916797,10.444273462918096
1149,48.0634230804225,10.259470546092748,urban,12286,0,48.063452211174905,10.273870402117431
1150,48.49241391757486,9.605071897317304,rural,9548,0,48.49944462218648,9.627741517284951
1151,48.51538863388166,9.33059099845186,urban,9170,0,48.510378581026295,9.318358522163557
1152,47.67293151785948,10.40787872910019,rural,15367,413355,47.6837249403467,10.407157180742695
1153,47.40466754560383,10.768330790638636,urban,9935,0,47.3872163430532,10.778900328910977
1154,48.21242238709305,9.719292349129978,rural,18045,0,48.20307926526872,9.730228200051895
1155,48.90663771673128,11.473593810141637,urban,810,167317,48.90981531643107,11.48379540369356
1156,48.23145396233485,9.125839663129783,rural,12381,0,48.222871551852585,9.121307871300669
1157,48.411942011289625,9.443785848152247,urban,8018,0,48.419689280364565,9.436179999145685
1158,48.12147009009915,10.58514206707041,rural,13637,0,48.12013624617017,10.578342070068391
1159,48.93148813027788,10.7824105741886,urban,331,0,48.91868086719936,10.76362805959943
1160,47.84231580282106,9.528112888793846,urban,15349,0,47.83854382305472,9.530045009061183
1161,47.70085139995081,10.469335728250815,urban,18900,0,47.71935663209486,10.44150572317326
1162,47.6046864310408,10.44865256969743,rural,17046,411620,47.609856673079086,10.445674327987076
1163,48.64584279640562,11.023642833775448,rural,11278,0,48.65682950703074,11.026139498176812
1164,47.95090868070543,9.63014067493324,rural,5996,0,47.950313461963866,9.627218228834357
1165,47.72242317117094,10.85634785167931,urban,10133,0,47.74688122646531,10.85194630809568
1166,48.71713255868711,9.101695405256493,urban,14273,0,48.72514919022007,9.105110673495014
1167,48.29624672082805,10.065536851165035,urban,18532,0,48.29802027596391,10.066680971585614
1168,47.79052471752946,11.260538701184291,rural,16745,303382,47.797583668528524,11.245822165399948
1169,48.988023266362944,9.279696932743075,urban,1022,0,48.97466815320368,9.281891354215574
1170,47.47756213797446,10.420475458398066,rural,12333,0,47.47726333635016,10.423624937291576
1171,48.95561098478756,10.407590617487893,urban,15397,0,48.94832068422142,10.433668627191638
1172,48.84678722906944,10.576266159957049,urban,2396,0,48.84482661485323,10.581921167995052
1173,48.86571130270151,11.451474580360305,urban,9887,0,48.86232720112163,11.440647546848275
1174,48.78262545713599,10.750229338275386,rural,15186,310564,48.77595789995599,10.747883448189416
1175,48.06027623208348,9.642044963767152,rural,14009,346377,48.05576604990472,9.627630517293827
1176,48.45814305427675,9.80322465450563,rural,11152,0,48.45324701255224,9.795531823912835
1177,47.92983915967139,10.586332248011407,urban,11696,370602,47.922065448852365,10.593915655470797
1178,47.60004325657047,10.22958284192117,rural,2178,0,47.6010627335713,10.235414789396913
1179,47.853595774738494,11.047425245512828,rural,5347,321908,47.85075142541548,11.052326550297252
1180,48.21018041306274,9.14213444188632,urban,13652,0,48.21250323911782,9.142045038838091
1181,48.45068814818015,9.272198885772312,rural,7586,0,48.455011741315865,9.260527665490496
1182,47.84718312348242,9.554135414516775,urban,14482,342924,47.84657536194839,9.582543807267886
1183,48.79081518220872,10.008483977904962,rural,14186,290668,48.79943163323545,10.002678990219083
1184,47.710885221810216,9.338693063897646,rural,4876,306319,47.71804128546553,9.339774614708071
1185,47.97488686900259,10.410092549449136,urban,3676,0,47.98405232361917,10.41567410037425
1186,48.9191290332428,11.417200733821463,urban,11351,185419,48.93192673740696,11.420802529336068
1187,47.30092348408503,9.848640367922616,rural,226,0,47.28828740977038,9.845760124516532
1188,47.99389473529335,10.430767962526726,rural,14751,0,47.98513162243895,10.428077556263569
1189,48.99886307195896,9.233187115426844,urban,12889,164519,48.98797348288692,9.23456901041169
1190,48.7375240121557,10.093013580150828,urban,15254,0,48.73450533190047,10.079725716403177
1191,48.88369370981663,10.218528627753509,rural,2025,0,48.89665444016036,10.216674304300078
1192,48.36626804780187,9.41294378249389,urban,17402,0,48.37190877576383,9.427601817455432
1193,48.50424672529829,10.647147034846656,urban,16745,340339,48.50157418128146,10.658089177802257
1194,47.849863537182415,11.42560647348565,urban,8485,0,47.844563235679104,11.423893315730034
1195,48.59033221211702,10.270927966997098,rural,11014,0,48.60089062025574,10.262122090283292
1196,48.585860523806936,9.052589158414412,urban,10191,0,48.56845579034342,9.060164574600094
1197,48.2622679508145,10.06261122737156,rural,10632,369271,48.26755042872351,10.070944032438494
1198,47.49853430977068,10.407881809834295,rural,1469,0,47.50183531778336,10.396813386958872
1199,48.38718568576004,10.604017445105583,urban,11260,352475,48.38150829549754,10.593803913864123
1200,47.63685052057112,9.035273538813696,urban,4121,0,47.65042121680361,9.03891170594316
1201,48.10244369266906,10.579857538068731,urban,11656,0,48.10548984063562,10.580214393358595
1202,48.657994430285584,10.916952581008562,rural,2907,318690,48.666229978642,10.92013445198098
1203,48.14514766651934,9.260085468036696,urban,8491,0,48.1509073483947,9.23827215438495
1204,47.86926338856467,11.49024410691963,urban,270,0,47.85521434336627,11.492493236444645
1205,47.85576772863206,11.259214941692292,urban,9879,0,47.85685119909756,11.245732067361976
1206,48.79322351590128,10.146631327718142,urban,7155,291690,48.77662485559453,10.139082905166548
1207,47.48283661023505,10.432699613434233,rural,6602,370796,47.47377560428406,10.436141106129025
1208,48.04517492390283,10.86177557540287,rural,3742,0,48.05379772502455,10.856674203222283
1209,48.23670750564205,9.263580497799886,rural,5622,0,48.2301697325365,9.268643802041046
1210,48.07876447336511,9.505359558637885,rural,5511,0,48.07145360473904,9.517698760690712
1211,47.7553769918832,9.146455552522154,urban,17111,0,47.76738236121671,9.144749353971598
1212,47.30804037895753,9.59335442331985,urban,11258,0,47.29915108333111,9.598455900217642
1213,48.77062181231013,9.085536198414747,rural,6196,0,48.78372401585501,9.080499223734607
1214,47.50698178714869,9.793280662808304,rural,7145,0,47.50778833816091,9.790595576769087
1215,47.52338113024854,11.038020839704362,rural,14423,0,47.53586150178874,11.034828028673903
1216,48.54779747141549,11.460018110159512,rural,13152,0,48.53602413842441,11.46661246207722
1217,48.46434124301382,9.703798468151358,urban,1300,324837,48.48987499266175,9.71499695425751
1218,47.98317561747998,9.497139187107113,urban,6642,333127,47.96757049927047,9.507617054889907
1219,47.327050929276126,10.979556606512208,urban,15279,0,47.347446172754495,10.999942807978384
1220,47.64188142390583,10.252753537521716,rural,15920,0,47.655233775964255,10.244289171143036
1221,48.96342396140552,10.25286732019285,rural,6200,0,48.946680566543726,10.253515086454543
1222,48.34098274566838,10.357808012115498,urban,325,347913,48.33915940653293,10.35843926583669
1223,48.021801787012,9.757260197847287,urban,16508,0,48.017380923124094,9.766030128882504
1224,48.30075726136054,9.269107599342428,rural,18853,0,48.29919414242453,9.273220683368075
1225,48.147352365875534,9.192328324102482,urban,15467,267330,48.153724509473925,9.189007615681264
1226,47.81476295170864,9.24952966268956,rural,11068,0,47.812752580455445,9.251236277627456
1227,47.34668817732234,10.219776922057028,rural,14645,0,47.3548832369825,10.227192589948524
1228,48.25651237270578,9.651221760862004,urban,13634,0,48.24612889225711,9.64462331097007
1229,47.5161500918502,10.160669853849583,urban,17043,0,47.53125070448026,10.158731140848897
1230,48.12126582610482,11.417717929602436,rural,6633,0,48.129694774877215,11.413389310184195
1231,48.86597029461174,11.322212623060668,urban,3955,0,48.87117301320128,11.335288159571512
1232,47.52290565367896,10.927618301631078,urban,19141,0,47.53374215622707,10.901917684365158
1233,48.66810218922454,9.754202018947533,urban,3141,0,48.64930614764786,9.752334687773113
1234,48.68979513523588,10.090968651698606,urban,13573,311170,48.69288359847485,10.092542884665672
1235,48.97960521006666,11.392204340757196,urban,5121,0,48.98452862303783,11.398020699524055
1236,48.91054894621178,10.744653960722124,rural,11733,0,48.90088023222363,10.74331993792085
1237,48.39796798264692,11.365807355996113,rural,227,0,48.41217000985203,11.33941796969805
1238,47.89156575847264,11.351205334899326,rural,51,274339,47.88425733673349,11.3443697282756
1239,47.56895156634378,11.091874630063018,urban,13169,0,47.56493256644384,11.10182884949206
1240,47.69839026344302,10.886683054711462,urban,3300,0,47.69095887685528,10.88555694326564
1241,47.32450623749577,9.325310822705708,urban,10845,0,47.315292351075264,9.33808233036889
1242,48.27413029914464,11.19730488635826,rural,4398,285597,48.30231942720289,11.202450113962051
1243,48.71681505100391,11.359469356809704,urban,59,269774,48.70954374003291,11.349823659368775
1244,48.70279803104352,11.034473910593745,urban,3898,310468,48.70543023960797,11.023733837408168
1245,48.43813609650173,9.150200111224589,rural,11462,0,48.42460623230456,9.148510782476947
1246,48.48309063441636,10.928264427560368,urban,15337,316202,48.478386055217925,10.915530445262627
1247,48.59198578070001,11.242408402032712,urban,13536,0,48.59559354284367,11.24737614971716
1248,48.00809049547072,9.678470739526244,urban,4638,0,48.011276226404895,9.675903811161392
1249,48.93782602555388,10.918987544824116,rural,19807,0,48.9498362799277,10.925962337061131
1250,47.70778587275083,11.296414058806803,urban,14593,0,47.697934711448646,11.300781107472057
1251,47.34130540240251,10.545130141161046,urban,7470,0,47.32815580363122,10.529705146617465
1252,48.26946799251086,10.829207571463511,rural,941,0,48.27588877135488,10.838394024900245
1253,47.89520150959345,10.498894564656222,urban,16834,0,47.89442811616563,10.483993628579418
1254,48.73518399974812,11.027386119003776,urban,8386,0,48.7291204736152,11.03473107068829
1255,47.96115910300991,9.299540762888126,rural,6729,0,47.956609186685775,9.282944231145226
1256,48.23478225794049,10.067058598116024,urban,8336,0,48.23177775553072,10.066904980625898
1257,47.31683905643492,10.770569521091664,urban,6393,0,47.30310093296043,10.770712120070028
1258,47.80676413348248,10.218888499954089,urban,4869,0,47.80689517992859,10.225215134147962
1259,47.913972398673856,10.336364207172826,rural,19464,0,47.917498413800736,10.327094826686842
1260,48.77789803681187,11.47813118234266,urban,7364,195406,48.77313466649935,11.494271641076631
1261,48.07764007971862,10.693772850400778,urban,13051,353948,48.06782920983092,10.701669463192404
1262,47.39462043478087,9.991411901200925,urban,13180,0,47.38014345490872,9.99939508711268
1263,48.75450670964301,11.301180354094988,rural,5589,263155,48.76310903207733,11.30912603194707
1264,48.1124191450365,9.834603290484107,urban,16111,0,48.09927181421474,9.838350686856714
1265,47.45988607739544,10.77475702906347,rural,3585,0,47.44142282478694,10.76527527501151
1266,48.68489126383135,11.21034119942217,urban,7310,0,48.67920691744975,11.225232156385417
1267,48.80684045067918,9.674235217074044,urban,10688,0,48.79461159042204,9.681125277933722
1268,48.92892875777695,11.065529898329428,urban,683,0,48.943588802809465,11.078603507620342
1269,48.08056205480993,9.11948126381505,urban,10319,236910,48.074879373126095,9.103566642653911
1270,48.04765762400181,9.910819738311329,urban,19975,0,48.054985222098665,9.924505997552696
1271,47.34225197356329,9.932607877455537,urban,14295,250899,47.342875833389,9.95859802148759
1272,47.80358510198932,10.17448258155438,rural,1563,0,47.81007056098285,10.182564254988106
1273,48.94681002030213,10.738256948828967,urban,12553,267331,48.93728096501432,10.748327823485472
1274,47.39209846271252,9.841153205840913,rural,15818,0,47.39883139823795,9.862918307150622
1275,47.6499582955088,9.04336732039331,rural,4761,0,47.65177575191662,9.047397712370165
1276,48.72628854230452,10.244681914204833,urban,10535,297674,48.73610172652863,10.242719622101175
1277,48.31768793168489,11.292230112786426,rural,8163,273712,48.30488846131264,11.28300881517061
1278,47.56243790854506,10.273581063986017,urban,12293,0,47.57077451431283,10.269569769946756
1279,48.65426282445471,10.184666872240928,urban,3725,0,48.65150422366285,10.185146273416208
1280,48.96861647775362,10.089023709833969,urban,18923,0,48.97367779326495,10.089945659996369
1281,47.44117228293912,10.499298918090936,urban,6034,0,47.44537733759872,10.50921598951834
1282,48.02399887168621,10.59694616874387,rural,16089,380963,48.01033411783354,10.605750121964482
1283,48.56386049510064,11.49842058306512,rural,4373,0,48.5662696604189,11.49488531026218
1284,47.91472639901696,9.30839632745627,urban,9561,310572,47.92034776589175,9.314024833622112
1285,47.59875190683878,11.117993454589929,rural,6990,0,47.598225529660745,11.104811489691569
1286,48.24852938659616,9.689048399430307,urban,9905,354670,48.26940600745574,9.676990433111529
1287,48.69188465475696,10.949519485410288,urban,16787,0,48.69898396999639,10.9506291336126
1288,47.70292914876924,9.894873941289063,rural,10409,374794,47.7225980832005,9.893142528579515
1289,47.61037833799431,10.48570332663333,rural,16303,0,47.5983485069396,10.481758337443232
1290,48.22679713728373,10.690307178949574,rural,12155,0,48.21339205912466,10.681249106842298
1291,47.88258694782648,10.672870446135382,rural,16065,0,47.87980314864821,10.668733316409815
1292,47.8708988624353,10.256131467481936,rural,18442,376191,47.87502556285485,10.265608297975769
1293,48.1111775603413,11.031987437328173,urban,14762,0,48.11352605638672,11.015782432568244
1294,48.31170731876404,10.429443957045098,rural,5299,0,48.30638342943075,10.421100357798885
1295,47.53114626481999,9.996524210234726,rural,17491,0,47.516582609838096,10.00626890479714
1296,47.73387202720292,9.436774547287484,urban,13938,306743,47.72351043708011,9.425271794303526
1297,48.48187471438177,10.825818974972858,rural,9374,322277,48.48614332415745,10.83171058271646
1298,47.88921875470151,9.454667241690975,urban,14349,0,47.88365592469216,9.45592483291833
1299,47.56523220258032,9.924551241137754,rural,5023,0,47.55818216079071,9.92714599853992
1300,48.65023011263868,9.324399485736128,rural,15918,274517,48.64451152168324,9.326148073559402
1301,47.91577811248804,10.97874297907694,urban,4703,0,47.92616067797749,10.97682342596203
1302,47.74654885063951,11.347404933794174,rural,8312,266748,47.74830331179557,11.339788282758068
1303,47.38761780660269,10.224676261049453,urban,8747,300351,47.38725633877391,10.221194351017498
1304,48.24541384993916,11.350657493233632,rural,16816,276695,48.23975363447519,11.357365729373823
1305,48.70366640941917,11.285826460376128,urban,17520,0,48.71331981123515,11.293798233221096
1306,47.7948028599925,10.282555482993274,urban,5043,0,47.80597651275401,10.271844248610517
1307,48.45428062288882,11.377196870574554,rural,5927,0,48.45173777761915,11.37728054461555
1308,48.81322265694923,9.428438691116886,rural,16066,253049,48.817239365135705,9.388353360243974
1309,47.56378536205295,11.277328850769056,urban,6761,0,47.57999372421893,11.277503822797383
1310,47.817672736779,9.948082459435785,rural,1253,0,47.827219884438826,9.95438784655265
1311,47.51650150410411,11.088690249839953,rural,11374,0,47.53408000478367,11.096757977963792
1312,48.61678253001139,10.893176272101256,urban,13515,0,48.61956252943774,10.889165550748809
1313,47.61152175419739,11.336868266733806,urban,9597,0,47.61946187086268,11.313914136300642
1314,47.53755998702643,10.612277245949024,urban,13689,0,47.54552251353918,10.620302531744606
1315,48.267560609555225,11.283839806005638,urban,13956,0,48.2857286140783,11.273186794959798
1316,47.55529082586391,10.431387398700112,rural,18745,0,47.55682554274248,10.408992670744746
1317,47.345191100995095,11.348863670006375,rural,9760,0,47.35242553747618,11.358132512882143
1318,48.50312340782792,9.722949889539812,urban,5847,324007,48.49484639626766,9.73148926491214
1319,47.429058607819385,10.216853760011473,urban,8118,0,47.42253231275132,10.22444005371871
1320,48.85609604979437,9.299630538810671,urban,9692,0,48.8578845658819,9.288019692343676
1321,47.60081658993378,11.04010197112152,urban,2117,0,47.59615487705072,11.059966075325397
1322,47.69715000231712,9.225969882579395,rural,17580,287274,47.69932584722645,9.234015271953185
1323,48.3394937707132,11.236994851685951,urban,18356,0,48.34382760480975,11.249140844728096
1324,48.489779985216245,11.050604991353143,urban,7432,0,48.47481629609897,11.060614921949648
1325,48.602431395423366,11.464422286942252,urban,19378,0,48.61774567832728,11.443988726356404
1326,47.72034898129014,10.010504111727276,rural,3196,0,47.71801631204851,10.018361860667143
1327,47.81058023658076,9.109528394285809,urban,1679,0,47.80880021509199,9.111560872944237
1328,48.28869881926058,10.714451913336935,rural,11456,0,48.291180420410136,10.726939429756458
1329,47.6672087829435,9.66507481105738,urban,12218,0,47.66844501758101,9.66877905551628
1330,48.00365430157176,9.133236844569598,rural,13886,0,48.01380331502126,9.126148117653438
1331,47.99904149904001,11.063702897077654,rural,9933,0,47.983533992851584,11.053242064608618
1332,47.45086945565675,9.546359011526954,urban,17733,0,47.44814315977126,9.5520067722318
1333,48.18639549880508,9.714547235608244,rural,10379,0,48.17982095885368,9.710293382384387
1334,48.49624231919833,11.12929373080916,urban,12433,0,48.51021483541924,11.1193850764617
1335,48.59960789077403,9.273536859248376,urban,18848,0,48.58142042836348,9.265547460492128
1336,47.66750997881214,9.835816805812994,rural,5260,0,47.67104470847424,9.831956441301983
1337,48.68809223524799,9.363666700277255,rural,12736,0,48.7007956296004,9.382299696825196
1338,48.56074108074135,10.607421281043727,rural,11513,335892,48.58556658751277,10.606728283549495
1339,48.02886492231612,11.386277196386867,rural,1204,0,48.02795012044521,11.375423965775637
1340,48.80425205146976,9.022026426719414,urban,18558,173311,48.80967406641172,9.040434760372488
1341,47.84048334014916,11.4935199827638,rural,4133,0,47.84993837704794,11.48456799850111
1342,48.48668266258177,10.202605744727578,urban,18358,0,48.4902868483226,10.21541163906038
1343,47.66503592548591,9.676343105493462,urban,10087,0,47.6665843779513,9.676781643862412
1344,48.89432261062824,10.60805426618642,urban,3972,261692,48.8979261749268,10.629859279859533
1345,48.185414511363696,9.348462692498243,rural,2359,0,48.18641672036182,9.366201183891857
1346,48.293724612262366,11.09564245792936,rural,12479,0,48.29525542440508,11.090231670966205
1347,47.88404960718013,9.320779169362448,urban,8914,0,47.89519612865652,9.328137203507564
1348,48.12920385555928,9.881552551117869,rural,5094,368025,48.12545817392412,9.86892204435404
1349,47.72075607424635,10.403397799865704,urban,10066,409153,47.70802682330881,10.405210039633818
1350,47.30797834732006,10.77285539177839,urban,6026,230168,47.30978433015208,10.77603002460942
1351,47.59868616954425,11.357157970873502,urban,3709,0,47.59978828612339,11.369591201462502
1352,47.97653745753329,11.18414860449139,rural,7956,0,47.98456627322847,11.200388341859854
1353,48.443509508309816,10.531087214023728,rural,18990,349323,48.44684885562896,10.540686185136192
1354,48.164116379539294,11.29144583860505,rural,7428,0,48.17520437590236,11.277857591297554
1355,48.25550954370219,10.244986814693675,urban,7689,358233,48.25291058574319,10.253049523794637
1356,47.92115563609439,9.962860397884718,urban,16483,0,47.92810855083951,9.951962374140493
1357,47.93953925769922,10.604683367890566,urban,1051,0,47.938057144528685,10.604369900828676
1358,48.27101735751032,10.852257780293082,rural,12705,0,48.25409338764163,10.853230585604804
1359,48.68918609314432,10.448551592477935,urban,310,0,48.692982021340576,10.460026933854074
1360,47.54639151905496,10.552281382598904,rural,13798,0,47.53004904245949,10.5511574723611
1361,48.48645666409778,11.202321825398682,rural,17162,0,48.50263742805304,11.19690829509832
1362,48.71975885024871,10.73494752387014,urban,13964,0,48.72085407309518,10.732010191714709
1363,47.62589118903985,9.635758872975623,urban,2601,326721,47.63007045806559,9.644445561691494
1364,48.71360766081112,10.526235878799136,urban,13456,307603,48.713784453391845,10.533112910526407
1365,48.917321938927095,10.02483288532736,rural,12495,271865,48.90724047412086,10.014837618982426
1366,47.90788270923802,9.960828623007876,rural,8255,0,47.90960335928781,9.975771216564748
1367,47.90775235503483,11.494340061796024,urban,10527,221849,47.90892448751868,11.487293892861151
1368,48.74945437326813,10.427860355452802,rural,12079,300937,48.73913189259565,10.442377890928494
1369,47.44263356590942,10.837631874945975,rural,7409,0,47.43520441438768,10.831849911850108
1370,47.68379320698244,11.171038855244856,urban,8399,301922,47.68415919285354,11.168800023027458
1371,48.32993200905974,10.945686228032242,urban,5305,0,48.326385137610586,10.937021894211416
1372,47.642868727368814,9.370941585155512,rural,19883,309383,47.63306905826455,9.371189181173914
1373,48.07359192652514,10.587330074211822,urban,13636,381441,48.07078824220745,10.605343672208113
1374,47.41234776224784,9.024565590339316,urban,9499,156788,47.41912260780981,9.039441297203505
1375,48.250890176353685,9.972405525409934,rural,2027,0,48.26685361352409,9.949311826051192
1376,48.88419456573876,10.960499053149451,rural,10783,0,48.88083927640065,10.956975394231376
1377,48.21424606931991,9.067225014299048,rural,14379,0,48.20842535916093,9.0778580897577
1378,48.71824336132596,11.497440964278372,urban,13771,0,48.72185915207845,11.50374661608496
1379,47.49938450597929,11.489734709631776,rural,13328,0,47.493059581633126,11.495897592178832
1380,47.924882645624166,9.33374707209972,urban,14202,0,47.91534837678251,9.32264511086326
1381,47.46268403863277,10.450454132515866,urban,15018,347919,47.45313047787565,10.462727062080711
1382,48.91804561229227,9.312270253649034,rural,4235,0,48.907694726900765,9.29600932644144
1383,47.579376134636256,10.228240638373034,rural,13652,0,47.57402564993314,10.240007867878898
1384,47.72160617916509,10.4246158633548,urban,1466,0,47.7157956114356,10.417280777453954
1385,47.36461011032427,10.78000444290919,rural,10880,263680,47.37567112954709,10.77381300194667
1386,47.432717658428295,10.42061926101283,rural,4911,321362,47.42835523611576,10.420015132650146
1387,48.9309841967139,11.20667331259957,rural,13055,0,48.93684395191632,11.226797562315207
1388,47.51152706612603,11.052916462530565,rural,11042,0,47.50929661214606,11.067818889347343
1389,47.74929315424458,9.804515842177087,rural,18935,0,47.74344723482034,9.798784903216118
1390,47.85822623297617,9.797836053732526,urban,2544,0,47.8557024444277,9.779701613680702
1391,47.51752801009969,11.347583902985932,rural,4056,0,47.51460307452862,11.363014960239138
1392,48.16462512121375,10.295249779378215,rural,11543,363173,48.16958005740977,10.283948697344783
1393,48.68090195984228,10.687194880649946,urban,6238,0,48.672337933237934,10.694717895644926
1394,47.527008521525424,10.32384620697182,urban,15054,0,47.53978440496631,10.32221586924622
1395,48.97722598675515,10.349912162665523,rural,4052,0,48.97823660592156,10.356363811733695
1396,48.777093020947376,10.092340112899688,rural,19880,0,48.77526426198592,10.095782286190882
1397,48.14286798432892,10.92142937783642,urban,768,318207,48.13663975508037,10.924963100325916
1398,47.391733899675856,11.330324305018866,rural,9493,199624,47.4013651832316,11.324371953625548
1399,48.27076636475744,9.319378772190946,rural,11462,0,48.25164401003382,9.305969745183395
1400,48.29845364666906,9.494618343872029,urban,16179,0,48.300336125067965,9.480875422842615
1401,47.69571485788551,9.963813029179487,rural,13267,370863,47.70513908011636,9.95697006773254
1402,47.8312069894046,10.859064921469503,urban,5118,317368,47.82876488136917,10.85539243229334
1403,48.03695777809986,10.26052581076502,urban,17594,0,48.0419722732064,10.256284409665705
1404,48.907182690105465,10.049735288712537,urban,7495,0,48.92393463405117,10.057029490642334
1405,48.62749951810265,9.304437189756776,urban,2802,0,48.639553414991184,9.295872870278496
1406,48.61384758843878,9.770958710907324,rural,13081,302541,48.60959194749858,9.778576642120564
1407,48.99701813112152,10.963698652062453,rural,12891,233055,48.99868550905912,10.969433425110989
1408,47.39019978343901,9.835623062643313,rural,18762,0,47.395881605995946,9.849932561954494
1409,48.32355674746432,11.434908859618911,rural,1290,0,48.32298664398871,11.438639559052575
1410,48.21551332845032,10.092652100354536,urban,19496,0,48.21772096405542,10.083920153429055
1411,48.74080157481127,9.685767746442576,rural,15292,0,48.7531615131453,9.696438354984544
1412,47.63798811998524,11.169968178639245,urban,4334,0,47.62860300526076,11.168691759229596
1413,47.80750780426023,11.25948381585446,urban,16557,0,47.80456213660075,11.254523680593463
1414,48.95134575974592,11.196581328261226,rural,8513,227287,48.94974615490952,11.177056501512734
1415,47.652724391506375,10.110598589310772,urban,12688,383210,47.65347301267133,10.116339891860266
1416,47.34588257260149,9.298128319738826,rural,113,0,47.3532902775068,9.293756955313048
1417,47.64483331207766,9.289513868643676,urban,18984,0,47.64608846254525,9.302593415749534
1418,47.74784228650387,9.883103683889368,urban,1307,0,47.74066361774883,9.894522140491768
1419,48.04815839577887,9.280604307043918,rural,9686,0,48.04604210297863,9.294471241382915
1420,47.428821710310494,10.116687592484723,rural,9328,0,47.425742850792965,10.121755676943067
1421,48.54686087344268,11.433926565096616,rural,14591,0,48.55455111128297,11.412197307917992
1422,48.65740852512319,11.01895946090436,rural,14208,0,48.67002432560254,11.019364965541191
1423,48.83409439028621,9.52151993323279,urban,1095,257521,48.82797661355053,9.516321795714305
1424,47.3728474959722,9.038635936249216,urban,693,0,47.36247885414618,9.03230673218538
1425,48.99232103101913,10.900871882084376,urban,10648,0,48.99221747205832,10.892477341620356
1426,48.8476175898359,9.578094934942357,urban,8701,0,48.85524932121557,9.579975789477164
1427,48.92592849926998,9.128530238285576,rural,1441,0,48.91671877121577,9.120514531518335
1428,48.925721675479735,10.345673391908926,urban,18626,0,48.91623690432378,10.349886692714293
1429,48.356930215179936,10.366080711620045,urban,241,0,48.35767942622497,10.385145081599052
1430,48.030934127720045,10.663880642144107,urban,8426,0,48.043203249243405,10.68133800138778
1431,47.96158608591764,9.862767475877424,urban,18026,0,47.94808963586885,9.869028306402267
1432,47.6831709004339,9.041628828495998,urban,12141,0,47.69605113401919,9.031517359418404
1433,47.677491058879454,9.812985032524372,rural,4793,0,47.68746744734599,9.815578213057622
1434,48.81976050984031,10.978539696935652,rural,10630,296053,48.81741170326424,10.977190901029404
1435,47.859471824055646,9.521442058312411,urban,13244,0,47.85944920272917,9.51632902645791
1436,48.199651501451136,9.785468685990413,urban,5800,0,48.205303065535794,9.770067644313515
1437,48.73417000527227,9.843864206891048,rural,14728,0,48.72983825589773,9.832877427919156
1438,48.87461639496828,9.127859630135186,rural,3761,0,48.85982804428614,9.13165864287024
1439,47.94386780418219,10.042858895440958,urban,11670,0,47.94332576427359,10.032597491794505
1440,48.10291033941212,9.655569630623097,rural,11732,0,48.09289280298074,9.655533449399714
1441,48.56187133792263,10.077346121827432,urban,19076,0,48.55153762215085,10.083380324821242
1442,47.60597388400004,9.152254633320515,urban,6284,0,47.59715629605827,9.156133216095506
1443,47.58115081883069,9.436040101852807,urban,14422,0,47.58588306566188,9.448552010101563
1444,47.36270913991474,10.076843206661968,rural,16762,0,47.37717048604976,10.068267036931452
1445,48.63808162375774,9.63569070577756,rural,17013,0,48.64470099912071,9.635848051745722
1446,47.6217298139856,11.100685458538004,rural,5913,303331,47.595007691312574,11.12461630872465
1447,47.36730834758705,9.45679354888912,rural,4822,210730,47.34596466260539,9.446889450051808
1448,47.86281327484953,10.036306479362086,urban,6477,0,47.853987541882695,10.029417550756122
1449,48.829583333835934,11.385200653020895,rural,7746,0,48.825546141011685,11.389230765778064
1450,48.80489275728442,10.268665680282757,urban,12374,287903,48.80184798078784,10.264254899569602
1451,47.35506412619896,9.6459575259091,urban,15421,267858,47.358737591795965,9.64239938214144
1452,48.40034648575955,11.247550535096492,rural,5229,0,48.40139297906203,11.232275496414983
1453,48.18133354915216,10.791180526102645,urban,2241,0,48.18916117657876,10.792825353425508
1454,47.38879144309657,10.227099494136128,urban,2922,0,47.39103707621865,10.23573053781528
1455,48.6506501491269,9.950799693848316,rural,4444,0,48.64727984725966,9.95478442105462
1456,47.3443232018971,9.467717361094882,rural,12029,0,47.346259931341336,9.461341650595475
1457,48.92404274202264,10.731714271283446,rural,16601,270053,48.92180932659653,10.713552689374286
1458,47.908976845007,9.70286346370898,rural,5880,0,47.906567336968486,9.699476729446802
1459,48.74518290584697,10.454441496905764,urban,18894,0,48.75736272857088,10.441150982213808
1460,48.36258573146533,9.845335303257412,urban,5470,0,48.359197866201775,9.844340149458848
1461,48.62178269532006,9.664573932191534,rural,17756,304237,48.58475273299938,9.657223134713137
1462,47.82552383216582,11.253027483021384,urban,4593,0,47.824409242051416,11.257136575651714
1463,48.18611121114799,10.50269811677276,urban,17725,394613,48.17261108069007,10.50043553858556
1464,47.71526884836624,9.87865339858763,rural,18547,0,47.709671419240856,9.878623480848926
1465,47.96141038328023,10.271420440636945,urban,1927,375293,47.98171042387397,10.279177772267948
1466,48.10133666104352,11.208822690877438,rural,12060,0,48.1031236025753,11.226023167908595
1467,48.06201945789534,10.170310890163275,rural,3640,0,48.07137065290994,10.165698024146256
1468,47.33160947194578,10.765036278462532,rural,1879,0,47.32823856086252,10.775992285038056
1469,47.78939480043231,10.226132865728284,rural,17226,0,47.78311753937586,10.208909895597618
1470,48.28532670881898,10.334462416870574,urban,4404,0,48.27295501315059,10.34254531176963
1471,48.86347705403133,11.420456962108627,rural,7109,0,48.856340781239695,11.435688197379566
1472,48.38302046743819,9.547772280568298,urban,14362,0,48.38582890670648,9.555954700127444
1473,48.66258618443294,11.361376783727156,rural,7171,0,48.67055410502096,11.379696291804734
1474,48.819947167347735,10.74099005163721,rural,3605,0,48.82270543751144,10.758594411902813
1475,48.21911493742168,10.0327956018975,urban,17789,371519,48.205717680454384,10.027998242878729
1476,48.47599592014807,9.274201904165109,urban,18243,0,48.47738632405213,9.289924865604448
1477,48.13941144665623,11.07849917812069,rural,16012,304631,48.14178134491409,11.07815718465409
1478,48.08131152996973,9.052964091375598,rural,13421,222042,48.08026799002989,9.054055188960232
1479,47.80805557414033,11.466522529229868,rural,3118,0,47.8141995130279,11.4738829127967
1480,48.05947562657177,9.435977672068637,urban,3277,0,48.04881813456899,9.427362701318067
1481,47.8056546688037,11.076578594127124,rural,19857,0,47.8042745759131,11.079659733807942
1482,48.14646792232807,9.379174946716878,rural,3134,0,48.14614804605188,9.390825575316835
1483,47.36055993492555,10.59423695168766,urban,11619,263681,47.36030713897358,10.572184063396325
1484,47.40450617744676,10.543802997148092,urban,1315,0,47.41738632868309,10.550184754436486
1485,48.94505859247722,9.345467807969424,urban,9153,203047,48.94824627112096,9.349984156643238
1486,48.24949394946295,9.90402891304083,rural,12469,365265,48.23553687232343,9.90979720069069
1487,48.747413319395946,9.400474583828174,rural,9680,264695,48.73295590121525,9.382176122965404
1488,48.33006920946915,10.035136828765932,urban,7976,0,48.32178342223229,10.016559662780022
1489,47.5219535470147,11.322521730308477,urban,6426,243936,47.51798688125868,11.29544917439699
1490,48.88384178562873,11.0850664466471,urban,8150,284907,48.878810476998815,11.07454158356252
1491,47.72477225490074,9.320536707547554,rural,9031,307356,47.710075610959926,9.326778577372444
1492,48.33410212527442,9.347713514789971,urban,10213,0,48.32785626736093,9.346905870709552
1493,47.56002595892387,10.428584140198812,rural,3745,391796,47.5623539355475,10.422325159867494
1494,48.251271109086936,9.136460122774722,rural,7867,245127,48.263753471961785,9.131622693125165
1495,48.97245168085677,11.11210712189002,rural,8267,223004,48.97202147737857,11.115855185651911
1496,47.9202992567858,9.810175301717551,rural,5851,0,47.93033560294792,9.804661564661734
1497,47.726326572499055,10.43531879367243,rural,12267,0,47.719871300893146,10.429976929499338
1498,47.36999116228943,11.46722301177419,rural,7141,0,47.37941615759655,11.465070164554133
1499,48.98578608744578,9.61788103564479,rural,6658,0,48.99108042429455,9.6422928137716
